year,month,temp_anomaly_C,region,co2_ppm,ch4_ppb,n2o_ppb,solar_W_m2,land_use_Gt,date
1979,1,0.08,Global,336.56,,,1361.0275,,1979-01-01
1979,1,-0.05,NH,336.56,,,1361.0275,,1979-01-01
1979,1,0.22,SH,336.56,,,1361.0275,,1979-01-01
1979,2,-0.1,Global,337.29,,,1360.9754,,1979-02-01
1979,2,-0.35000000000000003,NH,337.29,,,1360.9754,,1979-02-01
1979,2,0.16,SH,337.29,,,1360.9754,,1979-02-01
1979,3,0.19,Global,337.88,,,1361.0528,,1979-03-01
1979,3,0.18,NH,337.88,,,1361.0528,,1979-03-01
1979,3,0.2,SH,337.88,,,1361.0528,,1979-03-01
1979,4,0.15,Global,338.32,,,1361.0045,,1979-04-01
1979,4,-0.17,NH,338.32,,,1361.0045,,1979-04-01
1979,4,0.47000000000000003,SH,338.32,,,1361.0045,,1979-04-01
1979,5,0.03,Global,338.26,,,1361.0646,,1979-05-01
1979,5,0.01,NH,338.26,,,1361.0646,,1979-05-01
1979,5,0.06,SH,338.26,,,1361.0646,,1979-05-01
1979,6,0.14,Global,337.39,,,1361.1339,,1979-06-01
1979,6,0.08,NH,337.39,,,1361.1339,,1979-06-01
1979,6,0.2,SH,337.39,,,1361.1339,,1979-06-01
1979,7,0.04,Global,335.57,,,1361.0612,,1979-07-01
1979,7,0.05,NH,335.57,,,1361.0612,,1979-07-01
1979,7,0.03,SH,335.57,,,1361.0612,,1979-07-01
1979,8,0.16,Global,334.37,,,1361.1856,,1979-08-01
1979,8,0.04,NH,334.37,,,1361.1856,,1979-08-01
1979,8,0.29,SH,334.37,,,1361.1856,,1979-08-01
1979,9,0.25,Global,335.02,,,1361.1848,,1979-09-01
1979,9,0.19,NH,335.02,,,1361.1848,,1979-09-01
1979,9,0.31,SH,335.02,,,1361.1848,,1979-09-01
1979,10,0.26,Global,336.36,,,1361.2353,,1979-10-01
1979,10,0.23,NH,336.36,,,1361.2353,,1979-10-01
1979,10,0.29,SH,336.36,,,1361.2353,,1979-10-01
1979,11,0.28,Global,337.36,,,1361.2403,,1979-11-01
1979,11,0.24,NH,337.36,,,1361.2403,,1979-11-01
1979,11,0.32,SH,337.36,,,1361.2403,,1979-11-01
1979,12,0.47000000000000003,Global,337.89,,,1361.3182,,1979-12-01
1979,12,0.54,NH,337.89,,,1361.3182,,1979-12-01
1979,12,0.41000000000000003,SH,337.89,,,1361.3182,,1979-12-01
1980,1,0.29,Global,338.57,,,1361.2766,,1980-01-01
1980,1,0.21,NH,338.57,,,1361.2766,,1980-01-01
1980,1,0.38,SH,338.57,,,1361.2766,,1980-01-01
1980,2,0.39,Global,339.26,,,1361.2686,,1980-02-01
1980,2,0.41000000000000003,NH,339.26,,,1361.2686,,1980-02-01
1980,2,0.38,SH,339.26,,,1361.2686,,1980-02-01
1980,3,0.29,Global,339.6,,,1361.3152,,1980-03-01
1980,3,0.07,NH,339.6,,,1361.3152,,1980-03-01
1980,3,0.52,SH,339.6,,,1361.3152,,1980-03-01
1980,4,0.3,Global,340.0,,,1361.3546,,1980-04-01
1980,4,0.15,NH,340.0,,,1361.3546,,1980-04-01
1980,4,0.45,SH,340.0,,,1361.3546,,1980-04-01
1980,5,0.35000000000000003,Global,340.44,,,1361.3475,,1980-05-01
1980,5,0.26,NH,340.44,,,1361.3475,,1980-05-01
1980,5,0.44,SH,340.44,,,1361.3475,,1980-05-01
1980,6,0.2,Global,339.99,,,1361.3639,,1980-06-01
1980,6,0.19,NH,339.99,,,1361.3639,,1980-06-01
1980,6,0.22,SH,339.99,,,1361.3639,,1980-06-01
1980,7,0.22,Global,338.44,,,1361.3428,,1980-07-01
1980,7,0.13,NH,338.44,,,1361.3428,,1980-07-01
1980,7,0.3,SH,338.44,,,1361.3428,,1980-07-01
1980,8,0.18,Global,337.22,,,1361.3599,,1980-08-01
1980,8,0.09,NH,337.22,,,1361.3599,,1980-08-01
1980,8,0.27,SH,337.22,,,1361.3599,,1980-08-01
1980,9,0.2,Global,337.05,,,1361.3372,,1980-09-01
1980,9,0.1,NH,337.05,,,1361.3372,,1980-09-01
1980,9,0.3,SH,337.05,,,1361.3372,,1980-09-01
1980,10,0.13,Global,337.82,,,1361.5081,,1980-10-01
1980,10,0.11,NH,337.82,,,1361.5081,,1980-10-01
1980,10,0.15,SH,337.82,,,1361.5081,,1980-10-01
1980,11,0.29,Global,338.93,,,1361.3708,,1980-11-01
1980,11,0.2,NH,338.93,,,1361.3708,,1980-11-01
1980,11,0.38,SH,338.93,,,1361.3708,,1980-11-01
1980,12,0.21,Global,339.64,,,1361.4098,,1980-12-01
1980,12,0.09,NH,339.64,,,1361.4098,,1980-12-01
1980,12,0.34,SH,339.64,,,1361.4098,,1980-12-01
1981,1,0.53,Global,340.18,,,1361.4189,,1981-01-01
1981,1,0.8,NH,340.18,,,1361.4189,,1981-01-01
1981,1,0.25,SH,340.18,,,1361.4189,,1981-01-01
1981,2,0.42,Global,340.75,,,1361.5089,,1981-02-01
1981,2,0.62,NH,340.75,,,1361.5089,,1981-02-01
1981,2,0.21,SH,340.75,,,1361.5089,,1981-02-01
1981,3,0.48,Global,341.38,,,1361.4578,,1981-03-01
1981,3,0.67,NH,341.38,,,1361.4578,,1981-03-01
1981,3,0.28,SH,341.38,,,1361.4578,,1981-03-01
1981,4,0.32,Global,341.68,,,1361.5421,,1981-04-01
1981,4,0.39,NH,341.68,,,1361.5421,,1981-04-01
1981,4,0.25,SH,341.68,,,1361.5421,,1981-04-01
1981,5,0.24,Global,341.43,,,1361.4522,,1981-05-01
1981,5,0.18,NH,341.43,,,1361.4522,,1981-05-01
1981,5,0.3,SH,341.43,,,1361.4522,,1981-05-01
1981,6,0.29,Global,340.63,,,1361.5049,,1981-06-01
1981,6,0.28,NH,340.63,,,1361.5049,,1981-06-01
1981,6,0.3,SH,340.63,,,1361.5049,,1981-06-01
1981,7,0.32,Global,339.23,,,1361.4531,,1981-07-01
1981,7,0.09,NH,339.23,,,1361.4531,,1981-07-01
1981,7,0.54,SH,339.23,,,1361.4531,,1981-07-01
1981,8,0.35000000000000003,Global,338.08,,,1361.605,,1981-08-01
1981,8,0.16,NH,338.08,,,1361.605,,1981-08-01
1981,8,0.52,SH,338.08,,,1361.605,,1981-08-01
1981,9,0.14,Global,337.97,,,1361.4401,,1981-09-01
1981,9,0.14,NH,337.97,,,1361.4401,,1981-09-01
1981,9,0.15,SH,337.97,,,1361.4401,,1981-09-01
1981,10,0.12,Global,339.07,,,1361.5155,,1981-10-01
1981,10,0.23,NH,339.07,,,1361.5155,,1981-10-01
1981,10,0.01,SH,339.07,,,1361.5155,,1981-10-01
1981,11,0.23,Global,340.17,,,1361.5311,,1981-11-01
1981,11,0.35000000000000003,NH,340.17,,,1361.5311,,1981-11-01
1981,11,0.11,SH,340.17,,,1361.5311,,1981-11-01
1981,12,0.41000000000000003,Global,340.74,,,1361.5184,,1981-12-01
1981,12,0.54,NH,340.74,,,1361.5184,,1981-12-01
1981,12,0.27,SH,340.74,,,1361.5184,,1981-12-01
1982,1,0.04,Global,341.36,,,1361.4856,,1982-01-01
1982,1,-0.14,NH,341.36,,,1361.4856,,1982-01-01
1982,1,0.23,SH,341.36,,,1361.4856,,1982-01-01
1982,2,0.15,Global,341.95,,,1361.4845,,1982-02-01
1982,2,0.16,NH,341.95,,,1361.4845,,1982-02-01
1982,2,0.14,SH,341.95,,,1361.4845,,1982-02-01
1982,3,0.03,Global,342.23,,,1361.4881,,1982-03-01
1982,3,0.06,NH,342.23,,,1361.4881,,1982-03-01
1982,3,0.0,SH,342.23,,,1361.4881,,1982-03-01
1982,4,0.15,Global,342.52,,,1361.4724,,1982-04-01
1982,4,0.17,NH,342.52,,,1361.4724,,1982-04-01
1982,4,0.13,SH,342.52,,,1361.4724,,1982-04-01
1982,5,0.18,Global,342.37,,,1361.5207,,1982-05-01
1982,5,0.09,NH,342.37,,,1361.5207,,1982-05-01
1982,5,0.26,SH,342.37,,,1361.5207,,1982-05-01
1982,6,0.05,Global,341.49,,,1361.5747,,1982-06-01
1982,6,0.01,NH,341.49,,,1361.5747,,1982-06-01
1982,6,0.1,SH,341.49,,,1361.5747,,1982-06-01
1982,7,0.14,Global,339.75,,,1361.4269,,1982-07-01
1982,7,0.04,NH,339.75,,,1361.4269,,1982-07-01
1982,7,0.24,SH,339.75,,,1361.4269,,1982-07-01
1982,8,0.03,Global,338.11,,,1361.3759,,1982-08-01
1982,8,-0.07,NH,338.11,,,1361.3759,,1982-08-01
1982,8,0.14,SH,338.11,,,1361.3759,,1982-08-01
1982,9,0.13,Global,338.16,,,1361.4286,,1982-09-01
1982,9,0.06,NH,338.16,,,1361.4286,,1982-09-01
1982,9,0.22,SH,338.16,,,1361.4286,,1982-09-01
1982,10,0.13,Global,339.61,,,1361.5496,,1982-10-01
1982,10,0.0,NH,339.61,,,1361.5496,,1982-10-01
1982,10,0.26,SH,339.61,,,1361.5496,,1982-10-01
1982,11,0.17,Global,340.95,,,1361.3671,,1982-11-01
1982,11,-0.11,NH,340.95,,,1361.3671,,1982-11-01
1982,11,0.46,SH,340.95,,,1361.3671,,1982-11-01
1982,12,0.42,Global,341.77,,,1361.475,,1982-12-01
1982,12,0.38,NH,341.77,,,1361.475,,1982-12-01
1982,12,0.47000000000000003,SH,341.77,,,1361.475,,1982-12-01
1983,1,0.53,Global,342.37,,,1361.4618,,1983-01-01
1983,1,0.55,NH,342.37,,,1361.4618,,1983-01-01
1983,1,0.5,SH,342.37,,,1361.4618,,1983-01-01
1983,2,0.43,Global,342.74,,,1361.3342,,1983-02-01
1983,2,0.34,NH,342.74,,,1361.3342,,1983-02-01
1983,2,0.51,SH,342.74,,,1361.3342,,1983-02-01
1983,3,0.41000000000000003,Global,343.04,,,1361.3735,,1983-03-01
1983,3,0.42,NH,343.04,,,1361.3735,,1983-03-01
1983,3,0.41000000000000003,SH,343.04,,,1361.3735,,1983-03-01
1983,4,0.27,Global,343.51,,,1361.4089,,1983-04-01
1983,4,0.06,NH,343.51,,,1361.4089,,1983-04-01
1983,4,0.49,SH,343.51,,,1361.4089,,1983-04-01
1983,5,0.34,Global,343.84,,,1361.2901,,1983-05-01
1983,5,0.05,NH,343.84,,,1361.2901,,1983-05-01
1983,5,0.63,SH,343.84,,,1361.2901,,1983-05-01
1983,6,0.22,Global,343.5,,,1361.2798,,1983-06-01
1983,6,0.1,NH,343.5,,,1361.2798,,1983-06-01
1983,6,0.35000000000000003,SH,343.5,,,1361.2798,,1983-06-01
1983,7,0.18,Global,342.14,1625.97,,1361.2412,,1983-07-01
1983,7,0.2,NH,342.14,1625.97,,1361.2412,,1983-07-01
1983,7,0.18,SH,342.14,1625.97,,1361.2412,,1983-07-01
1983,8,0.35000000000000003,Global,340.62,1628.05,,1361.1993,,1983-08-01
1983,8,0.25,NH,340.62,1628.05,,1361.1993,,1983-08-01
1983,8,0.46,SH,340.62,1628.05,,1361.1993,,1983-08-01
1983,9,0.37,Global,340.53,1638.42,,1361.1966,,1983-09-01
1983,9,0.25,NH,340.53,1638.42,,1361.1966,,1983-09-01
1983,9,0.49,SH,340.53,1638.42,,1361.1966,,1983-09-01
1983,10,0.17,Global,341.75,1644.81,,1361.1465,,1983-10-01
1983,10,0.12,NH,341.75,1644.81,,1361.1465,,1983-10-01
1983,10,0.22,SH,341.75,1644.81,,1361.1465,,1983-10-01
1983,11,0.3,Global,342.83,1642.61,,1361.1875,,1983-11-01
1983,11,0.49,NH,342.83,1642.61,,1361.1875,,1983-11-01
1983,11,0.12,SH,342.83,1642.61,,1361.1875,,1983-11-01
1983,12,0.16,Global,343.49,1639.53,,1361.125,,1983-12-01
1983,12,0.11,NH,343.49,1639.53,,1361.125,,1983-12-01
1983,12,0.22,SH,343.49,1639.53,,1361.125,,1983-12-01
1984,1,0.31,Global,344.32,1638.74,,1361.1526,,1984-01-01
1984,1,0.33,NH,344.32,1638.74,,1361.1526,,1984-01-01
1984,1,0.28,SH,344.32,1638.74,,1361.1526,,1984-01-01
1984,2,0.14,Global,344.82,1638.82,,1361.0401,,1984-02-01
1984,2,0.02,NH,344.82,1638.82,,1361.0401,,1984-02-01
1984,2,0.25,SH,344.82,1638.82,,1361.0401,,1984-02-01
1984,3,0.26,Global,344.96,1640.86,,1361.1112,,1984-03-01
1984,3,0.18,NH,344.96,1640.86,,1361.1112,,1984-03-01
1984,3,0.34,SH,344.96,1640.86,,1361.1112,,1984-03-01
1984,4,0.05,Global,345.19,1643.97,,1361.1128,,1984-04-01
1984,4,-0.07,NH,345.19,1643.97,,1361.1128,,1984-04-01
1984,4,0.18,SH,345.19,1643.97,,1361.1128,,1984-04-01
1984,5,0.33,Global,345.33,1643.15,,1360.9478,,1984-05-01
1984,5,0.23,NH,345.33,1643.15,,1360.9478,,1984-05-01
1984,5,0.42,SH,345.33,1643.15,,1360.9478,,1984-05-01
1984,6,0.02,Global,344.57,1639.74,,1361.0425,,1984-06-01
1984,6,0.09,NH,344.57,1639.74,,1361.0425,,1984-06-01
1984,6,-0.03,SH,344.57,1639.74,,1361.0425,,1984-06-01
1984,7,0.19,Global,343.2,1637.99,,1361.0614,,1984-07-01
1984,7,0.09,NH,343.2,1637.99,,1361.0614,,1984-07-01
1984,7,0.3,SH,343.2,1637.99,,1361.0614,,1984-07-01
1984,8,0.19,Global,342.21,1641.69,,1360.9157,,1984-08-01
1984,8,0.05,NH,342.21,1641.69,,1360.9157,,1984-08-01
1984,8,0.33,SH,342.21,1641.69,,1360.9157,,1984-08-01
1984,9,0.21,Global,342.13,1650.61,,1361.0361,,1984-09-01
1984,9,-0.04,NH,342.13,1650.61,,1361.0361,,1984-09-01
1984,9,0.46,SH,342.13,1650.61,,1361.0361,,1984-09-01
1984,10,0.13,Global,342.99,1654.6,,1360.9498,,1984-10-01
1984,10,0.08,NH,342.99,1654.6,,1360.9498,,1984-10-01
1984,10,0.19,SH,342.99,1654.6,,1360.9498,,1984-10-01
1984,11,0.06,Global,344.16,1653.79,,1360.8701,,1984-11-01
1984,11,-0.1,NH,344.16,1653.79,,1360.8701,,1984-11-01
1984,11,0.23,SH,344.16,1653.79,,1360.8701,,1984-11-01
1984,12,-0.05,Global,345.0,1656.19,,1360.8793,,1984-12-01
1984,12,-0.42,NH,345.0,1656.19,,1360.8793,,1984-12-01
1984,12,0.33,SH,345.0,1656.19,,1360.8793,,1984-12-01
1985,1,0.22,Global,345.35,1655.6,,1360.8871,,1985-01-01
1985,1,0.07,NH,345.35,1655.6,,1360.8871,,1985-01-01
1985,1,0.36,SH,345.35,1655.6,,1360.8871,,1985-01-01
1985,2,-0.04,Global,345.8,1652.25,,1360.8403,,1985-02-01
1985,2,-0.3,NH,345.8,1652.25,,1360.8403,,1985-02-01
1985,2,0.22,SH,345.8,1652.25,,1360.8403,,1985-02-01
1985,3,0.17,Global,346.64,1654.61,,1360.8411,,1985-03-01
1985,3,0.0,NH,346.64,1654.61,,1360.8411,,1985-03-01
1985,3,0.34,SH,346.64,1654.61,,1360.8411,,1985-03-01
1985,4,0.12,Global,346.94,1658.19,,1360.7463,,1985-04-01
1985,4,-0.04,NH,346.94,1658.19,,1360.7463,,1985-04-01
1985,4,0.27,SH,346.94,1658.19,,1360.7463,,1985-04-01
1985,5,0.14,Global,346.78,1655.88,,1360.7794,,1985-05-01
1985,5,0.09,NH,346.78,1655.88,,1360.7794,,1985-05-01
1985,5,0.2,SH,346.78,1655.88,,1360.7794,,1985-05-01
1985,6,0.15,Global,346.26,1650.06,,1360.6793,,1985-06-01
1985,6,0.0,NH,346.26,1650.06,,1360.6793,,1985-06-01
1985,6,0.29,SH,346.26,1650.06,,1360.6793,,1985-06-01
1985,7,0.04,Global,344.92,1646.81,,1360.7241,,1985-07-01
1985,7,-0.08,NH,344.92,1646.81,,1360.7241,,1985-07-01
1985,7,0.15,SH,344.92,1646.81,,1360.7241,,1985-07-01
1985,8,0.16,Global,343.41,1652.24,,1360.6648,,1985-08-01
1985,8,-0.02,NH,343.41,1652.24,,1360.6648,,1985-08-01
1985,8,0.34,SH,343.41,1652.24,,1360.6648,,1985-08-01
1985,9,0.13,Global,343.37,1662.48,,1360.6541,,1985-09-01
1985,9,0.02,NH,343.37,1662.48,,1360.6541,,1985-09-01
1985,9,0.23,SH,343.37,1662.48,,1360.6541,,1985-09-01
1985,10,0.11,Global,344.64,1667.5,,1360.7344,,1985-10-01
1985,10,0.02,NH,344.64,1667.5,,1360.7344,,1985-10-01
1985,10,0.21,SH,344.64,1667.5,,1360.7344,,1985-10-01
1985,11,0.05,Global,345.79,1666.81,,1360.7095,,1985-11-01
1985,11,0.02,NH,345.79,1666.81,,1360.7095,,1985-11-01
1985,11,0.08,SH,345.79,1666.81,,1360.7095,,1985-11-01
1985,12,0.13,Global,346.55,1666.05,,1360.6686,,1985-12-01
1985,12,0.16,NH,346.55,1666.05,,1360.6686,,1985-12-01
1985,12,0.11,SH,346.55,1666.05,,1360.6686,,1985-12-01
1986,1,0.26,Global,347.11,1666.29,,1360.5675,,1986-01-01
1986,1,0.36,NH,347.11,1666.29,,1360.5675,,1986-01-01
1986,1,0.15,SH,347.11,1666.29,,1360.5675,,1986-01-01
1986,2,0.37,Global,347.34,1666.93,,1360.5912,,1986-02-01
1986,2,0.31,NH,347.34,1666.93,,1360.5912,,1986-02-01
1986,2,0.42,SH,347.34,1666.93,,1360.5912,,1986-02-01
1986,3,0.3,Global,347.71,1669.26,,1360.6534,,1986-03-01
1986,3,0.26,NH,347.71,1669.26,,1360.6534,,1986-03-01
1986,3,0.34,SH,347.71,1669.26,,1360.6534,,1986-03-01
1986,4,0.22,Global,348.22,1670.8,,1360.5865,,1986-04-01
1986,4,0.15,NH,348.22,1670.8,,1360.5865,,1986-04-01
1986,4,0.29,SH,348.22,1670.8,,1360.5865,,1986-04-01
1986,5,0.21,Global,348.32,1668.45,,1360.683,,1986-05-01
1986,5,0.19,NH,348.32,1668.45,,1360.683,,1986-05-01
1986,5,0.23,SH,348.32,1668.45,,1360.683,,1986-05-01
1986,6,0.12,Global,347.76,1664.77,,1360.5752,,1986-06-01
1986,6,0.14,NH,347.76,1664.77,,1360.5752,,1986-06-01
1986,6,0.1,SH,347.76,1664.77,,1360.5752,,1986-06-01
1986,7,0.11,Global,346.29,1662.33,,1360.5548,,1986-07-01
1986,7,-0.02,NH,346.29,1662.33,,1360.5548,,1986-07-01
1986,7,0.25,SH,346.29,1662.33,,1360.5548,,1986-07-01
1986,8,0.15,Global,344.92,1664.37,,1360.5204,,1986-08-01
1986,8,0.04,NH,344.92,1664.37,,1360.5204,,1986-08-01
1986,8,0.27,SH,344.92,1664.37,,1360.5204,,1986-08-01
1986,9,0.03,Global,344.86,1672.57,,1360.5342,,1986-09-01
1986,9,-0.02,NH,344.86,1672.57,,1360.5342,,1986-09-01
1986,9,0.09,SH,344.86,1672.57,,1360.5342,,1986-09-01
1986,10,0.15,Global,346.03,1678.68,,1360.5126,,1986-10-01
1986,10,0.09,NH,346.03,1678.68,,1360.5126,,1986-10-01
1986,10,0.22,SH,346.03,1678.68,,1360.5126,,1986-10-01
1986,11,0.1,Global,347.3,1678.98,,1360.5495,,1986-11-01
1986,11,0.03,NH,347.3,1678.98,,1360.5495,,1986-11-01
1986,11,0.17,SH,347.3,1678.98,,1360.5495,,1986-11-01
1986,12,0.13,Global,347.76,1679.12,,1360.5569,,1986-12-01
1986,12,0.06,NH,347.76,1679.12,,1360.5569,,1986-12-01
1986,12,0.2,SH,347.76,1679.12,,1360.5569,,1986-12-01
1987,1,0.31,Global,348.01,1679.42,,1360.4658,,1987-01-01
1987,1,0.24,NH,348.01,1679.42,,1360.4658,,1987-01-01
1987,1,0.38,SH,348.01,1679.42,,1360.4658,,1987-01-01
1987,2,0.43,Global,348.57,1679.04,,1360.4357,,1987-02-01
1987,2,0.5,NH,348.57,1679.04,,1360.4357,,1987-02-01
1987,2,0.35000000000000003,SH,348.57,1679.04,,1360.4357,,1987-02-01
1987,3,0.18,Global,349.29,1680.01,,1360.4088,,1987-03-01
1987,3,0.0,NH,349.29,1680.01,,1360.4088,,1987-03-01
1987,3,0.37,SH,349.29,1680.01,,1360.4088,,1987-03-01
1987,4,0.24,Global,349.98,1681.36,,1360.5254,,1987-04-01
1987,4,0.07,NH,349.98,1681.36,,1360.5254,,1987-04-01
1987,4,0.42,SH,349.98,1681.36,,1360.5254,,1987-04-01
1987,5,0.25,Global,350.26,1681.86,,1360.4454,,1987-05-01
1987,5,0.23,NH,350.26,1681.86,,1360.4454,,1987-05-01
1987,5,0.29,SH,350.26,1681.86,,1360.4454,,1987-05-01
1987,6,0.35000000000000003,Global,349.46,1679.98,,1360.3946,,1987-06-01
1987,6,0.16,NH,349.46,1679.98,,1360.3946,,1987-06-01
1987,6,0.53,SH,349.46,1679.98,,1360.3946,,1987-06-01
1987,7,0.4,Global,347.84,1675.98,,1360.5245,,1987-07-01
1987,7,0.25,NH,347.84,1675.98,,1360.5245,,1987-07-01
1987,7,0.55,SH,347.84,1675.98,,1360.5245,,1987-07-01
1987,8,0.24,Global,346.61,1677.19,,1360.6337,,1987-08-01
1987,8,0.27,NH,346.61,1677.19,,1360.6337,,1987-08-01
1987,8,0.24,SH,346.61,1677.19,,1360.6337,,1987-08-01
1987,9,0.35000000000000003,Global,346.7,1685.58,,1360.5138,,1987-09-01
1987,9,0.39,NH,346.7,1685.58,,1360.5138,,1987-09-01
1987,9,0.32,SH,346.7,1685.58,,1360.5138,,1987-09-01
1987,10,0.32,Global,347.97,1691.55,,1360.5622,,1987-10-01
1987,10,0.22,NH,347.97,1691.55,,1360.5622,,1987-10-01
1987,10,0.44,SH,347.97,1691.55,,1360.5622,,1987-10-01
1987,11,0.29,Global,349.25,1691.19,,1360.5316,,1987-11-01
1987,11,0.1,NH,349.25,1691.19,,1360.5316,,1987-11-01
1987,11,0.49,SH,349.25,1691.19,,1360.5316,,1987-11-01
1987,12,0.46,Global,350.21,1690.51,,1360.5309,,1987-12-01
1987,12,0.5,NH,350.21,1690.51,,1360.5309,,1987-12-01
1987,12,0.42,SH,350.21,1690.51,,1360.5309,,1987-12-01
1988,1,0.56,Global,350.92,1691.98,,1360.5911,,1988-01-01
1988,1,0.59,NH,350.92,1691.98,,1360.5911,,1988-01-01
1988,1,0.54,SH,350.92,1691.98,,1360.5911,,1988-01-01
1988,2,0.44,Global,351.47,1692.54,,1360.5411,,1988-02-01
1988,2,0.46,NH,351.47,1692.54,,1360.5411,,1988-02-01
1988,2,0.42,SH,351.47,1692.54,,1360.5411,,1988-02-01
1988,3,0.51,Global,351.85,1691.29,,1360.5804,,1988-03-01
1988,3,0.47000000000000003,NH,351.85,1691.29,,1360.5804,,1988-03-01
1988,3,0.56,SH,351.85,1691.29,,1360.5804,,1988-03-01
1988,4,0.42,Global,352.3,1690.06,,1360.5955,,1988-04-01
1988,4,0.44,NH,352.3,1690.06,,1360.5955,,1988-04-01
1988,4,0.41000000000000003,SH,352.3,1690.06,,1360.5955,,1988-04-01
1988,5,0.44,Global,352.46,1689.1,,1360.5593,,1988-05-01
1988,5,0.43,NH,352.46,1689.1,,1360.5593,,1988-05-01
1988,5,0.45,SH,352.46,1689.1,,1360.5593,,1988-05-01
1988,6,0.4,Global,351.76,1687.19,,1360.6566,,1988-06-01
1988,6,0.4,NH,351.76,1687.19,,1360.6566,,1988-06-01
1988,6,0.4,SH,351.76,1687.19,,1360.6566,,1988-06-01
1988,7,0.33,Global,350.27,1686.02,,1360.6134,,1988-07-01
1988,7,0.42,NH,350.27,1686.02,,1360.6134,,1988-07-01
1988,7,0.24,SH,350.27,1686.02,,1360.6134,,1988-07-01
1988,8,0.39,Global,349.09,1689.44,,1360.6003,,1988-08-01
1988,8,0.26,NH,349.09,1689.44,,1360.6003,,1988-08-01
1988,8,0.53,SH,349.09,1689.44,,1360.6003,,1988-08-01
1988,9,0.37,Global,349.27,1696.11,,1360.6818,,1988-09-01
1988,9,0.26,NH,349.27,1696.11,,1360.6818,,1988-09-01
1988,9,0.47000000000000003,SH,349.27,1696.11,,1360.6818,,1988-09-01
1988,10,0.37,Global,350.44,1701.14,,1360.6276,,1988-10-01
1988,10,0.23,NH,350.44,1701.14,,1360.6276,,1988-10-01
1988,10,0.51,SH,350.44,1701.14,,1360.6276,,1988-10-01
1988,11,0.12,Global,351.62,1702.84,,1360.6923,,1988-11-01
1988,11,0.05,NH,351.62,1702.84,,1360.6923,,1988-11-01
1988,11,0.18,SH,351.62,1702.84,,1360.6923,,1988-11-01
1988,12,0.29,Global,352.47,1701.9,,1360.7095,,1988-12-01
1988,12,0.43,NH,352.47,1701.9,,1360.7095,,1988-12-01
1988,12,0.15,SH,352.47,1701.9,,1360.7095,,1988-12-01
1989,1,0.12,Global,353.01,1700.55,,1360.784,,1989-01-01
1989,1,0.08,NH,353.01,1700.55,,1360.784,,1989-01-01
1989,1,0.16,SH,353.01,1700.55,,1360.784,,1989-01-01
1989,2,0.29,Global,353.47,1701.12,,1360.7737,,1989-02-01
1989,2,0.39,NH,353.47,1701.12,,1360.7737,,1989-02-01
1989,2,0.19,SH,353.47,1701.12,,1360.7737,,1989-02-01
1989,3,0.36,Global,354.01,1702.49,,1360.7696,,1989-03-01
1989,3,0.45,NH,354.01,1702.49,,1360.7696,,1989-03-01
1989,3,0.25,SH,354.01,1702.49,,1360.7696,,1989-03-01
1989,4,0.29,Global,354.38,1703.58,,1360.8332,,1989-04-01
1989,4,0.32,NH,354.38,1703.58,,1360.8332,,1989-04-01
1989,4,0.25,SH,354.38,1703.58,,1360.8332,,1989-04-01
1989,5,0.17,Global,354.19,1703.36,,1360.8837,,1989-05-01
1989,5,0.22,NH,354.19,1703.36,,1360.8837,,1989-05-01
1989,5,0.12,SH,354.19,1703.36,,1360.8837,,1989-05-01
1989,6,0.15,Global,353.27,1700.21,,1360.8644,,1989-06-01
1989,6,0.24,NH,353.27,1700.21,,1360.8644,,1989-06-01
1989,6,0.06,SH,353.27,1700.21,,1360.8644,,1989-06-01
1989,7,0.34,Global,351.57,1698.2,,1360.8597,,1989-07-01
1989,7,0.31,NH,351.57,1698.2,,1360.8597,,1989-07-01
1989,7,0.36,SH,351.57,1698.2,,1360.8597,,1989-07-01
1989,8,0.33,Global,350.22,1701.97,,1360.8165,,1989-08-01
1989,8,0.26,NH,350.22,1701.97,,1360.8165,,1989-08-01
1989,8,0.4,SH,350.22,1701.97,,1360.8165,,1989-08-01
1989,9,0.34,Global,350.57,1707.17,,1360.8521,,1989-09-01
1989,9,0.23,NH,350.57,1707.17,,1360.8521,,1989-09-01
1989,9,0.45,SH,350.57,1707.17,,1360.8521,,1989-09-01
1989,10,0.29,Global,351.86,1710.53,,1360.9136,,1989-10-01
1989,10,0.25,NH,351.86,1710.53,,1360.9136,,1989-10-01
1989,10,0.32,SH,351.86,1710.53,,1360.9136,,1989-10-01
1989,11,0.19,Global,353.04,1713.11,,1360.922,,1989-11-01
1989,11,0.11,NH,353.04,1713.11,,1360.922,,1989-11-01
1989,11,0.28,SH,353.04,1713.11,,1360.922,,1989-11-01
1989,12,0.37,Global,353.91,1713.22,,1360.9669,,1989-12-01
1989,12,0.33,NH,353.91,1713.22,,1360.9669,,1989-12-01
1989,12,0.4,SH,353.91,1713.22,,1360.9669,,1989-12-01
1990,1,0.41000000000000003,Global,354.48,1712.14,,1361.0028,,1990-01-01
1990,1,0.47000000000000003,NH,354.48,1712.14,,1361.0028,,1990-01-01
1990,1,0.35000000000000003,SH,354.48,1712.14,,1361.0028,,1990-01-01
1990,2,0.43,Global,354.88,1713.51,,1361.0503,,1990-02-01
1990,2,0.54,NH,354.88,1713.51,,1361.0503,,1990-02-01
1990,2,0.32,SH,354.88,1713.51,,1361.0503,,1990-02-01
1990,3,0.8,Global,355.2,1714.36,,1361.044,,1990-03-01
1990,3,1.16,NH,355.2,1714.36,,1361.044,,1990-03-01
1990,3,0.42,SH,355.2,1714.36,,1361.044,,1990-03-01
1990,4,0.56,Global,355.51,1712.53,,1361.0955,,1990-04-01
1990,4,0.71,NH,355.51,1712.53,,1361.0955,,1990-04-01
1990,4,0.41000000000000003,SH,355.51,1712.53,,1361.0955,,1990-04-01
1990,5,0.45,Global,355.41,1710.65,,1361.0978,,1990-05-01
1990,5,0.5,NH,355.41,1710.65,,1361.0978,,1990-05-01
1990,5,0.41000000000000003,SH,355.41,1710.65,,1361.0978,,1990-05-01
1990,6,0.37,Global,354.33,1708.45,,1361.0191,,1990-06-01
1990,6,0.48,NH,354.33,1708.45,,1361.0191,,1990-06-01
1990,6,0.27,SH,354.33,1708.45,,1361.0191,,1990-06-01
1990,7,0.46,Global,352.71,1706.57,,1361.0939,,1990-07-01
1990,7,0.33,NH,352.71,1706.57,,1361.0939,,1990-07-01
1990,7,0.58,SH,352.71,1706.57,,1361.0939,,1990-07-01
1990,8,0.34,Global,351.58,1710.23,,1361.1563,,1990-08-01
1990,8,0.41000000000000003,NH,351.58,1710.23,,1361.1563,,1990-08-01
1990,8,0.27,SH,351.58,1710.23,,1361.1563,,1990-08-01
1990,9,0.23,Global,351.79,1717.58,,1361.1253,,1990-09-01
1990,9,0.42,NH,351.79,1717.58,,1361.1253,,1990-09-01
1990,9,0.04,SH,351.79,1717.58,,1361.1253,,1990-09-01
1990,10,0.44,Global,353.19,1722.02,,1361.2377,,1990-10-01
1990,10,0.48,NH,353.19,1722.02,,1361.2377,,1990-10-01
1990,10,0.41000000000000003,SH,353.19,1722.02,,1361.2377,,1990-10-01
1990,11,0.46,Global,354.45,1723.47,,1361.3057,,1990-11-01
1990,11,0.46,NH,354.45,1723.47,,1361.3057,,1990-11-01
1990,11,0.47000000000000003,SH,354.45,1723.47,,1361.3057,,1990-11-01
1990,12,0.4,Global,355.19,1723.3,,1361.3109,,1990-12-01
1990,12,0.38,NH,355.19,1723.3,,1361.3109,,1990-12-01
1990,12,0.43,SH,355.19,1723.3,,1361.3109,,1990-12-01
1991,1,0.42,Global,355.76,1721.66,,1361.2596,,1991-01-01
1991,1,0.59,NH,355.76,1721.66,,1361.2596,,1991-01-01
1991,1,0.25,SH,355.76,1721.66,,1361.2596,,1991-01-01
1991,2,0.5,Global,356.19,1721.31,,1361.3646,,1991-02-01
1991,2,0.5700000000000001,NH,356.19,1721.31,,1361.3646,,1991-02-01
1991,2,0.42,SH,356.19,1721.31,,1361.3646,,1991-02-01
1991,3,0.35000000000000003,Global,356.69,1722.09,,1361.3165,,1991-03-01
1991,3,0.46,NH,356.69,1722.09,,1361.3165,,1991-03-01
1991,3,0.25,SH,356.69,1722.09,,1361.3165,,1991-03-01
1991,4,0.51,Global,357.19,1722.44,,1361.3106,,1991-04-01
1991,4,0.56,NH,357.19,1722.44,,1361.3106,,1991-04-01
1991,4,0.46,SH,357.19,1722.44,,1361.3106,,1991-04-01
1991,5,0.34,Global,357.11,1722.12,,1361.3144,,1991-05-01
1991,5,0.33,NH,357.11,1722.12,,1361.3144,,1991-05-01
1991,5,0.35000000000000003,SH,357.11,1722.12,,1361.3144,,1991-05-01
1991,6,0.53,Global,356.18,1718.87,,1361.3467,,1991-06-01
1991,6,0.47000000000000003,NH,356.18,1718.87,,1361.3467,,1991-06-01
1991,6,0.58,SH,356.18,1718.87,,1361.3467,,1991-06-01
1991,7,0.47000000000000003,Global,354.53,1715.96,,1361.3585,,1991-07-01
1991,7,0.43,NH,354.53,1715.96,,1361.3585,,1991-07-01
1991,7,0.52,SH,354.53,1715.96,,1361.3585,,1991-07-01
1991,8,0.39,Global,353.06,1719.15,,1361.4015,,1991-08-01
1991,8,0.35000000000000003,NH,353.06,1719.15,,1361.4015,,1991-08-01
1991,8,0.43,SH,353.06,1719.15,,1361.4015,,1991-08-01
1991,9,0.44,Global,352.93,1726.06,,1361.4153,,1991-09-01
1991,9,0.36,NH,352.93,1726.06,,1361.4153,,1991-09-01
1991,9,0.52,SH,352.93,1726.06,,1361.4153,,1991-09-01
1991,10,0.29,Global,354.01,1732.7,,1361.4208,,1991-10-01
1991,10,0.29,NH,354.01,1732.7,,1361.4208,,1991-10-01
1991,10,0.28,SH,354.01,1732.7,,1361.4208,,1991-10-01
1991,11,0.29,Global,355.16,1737.45,,1361.4549,,1991-11-01
1991,11,0.32,NH,355.16,1737.45,,1361.4549,,1991-11-01
1991,11,0.27,SH,355.16,1737.45,,1361.4549,,1991-11-01
1991,12,0.32,Global,355.95,1739.54,,1361.504,,1991-12-01
1991,12,0.2,NH,355.95,1739.54,,1361.504,,1991-12-01
1991,12,0.43,SH,355.95,1739.54,,1361.504,,1991-12-01
1992,1,0.47000000000000003,Global,356.54,1738.92,,1361.5023,,1992-01-01
1992,1,0.61,NH,356.54,1738.92,,1361.5023,,1992-01-01
1992,1,0.33,SH,356.54,1738.92,,1361.5023,,1992-01-01
1992,2,0.4,Global,356.89,1737.32,,1361.3899,,1992-02-01
1992,2,0.5,NH,356.89,1737.32,,1361.3899,,1992-02-01
1992,2,0.3,SH,356.89,1737.32,,1361.3899,,1992-02-01
1992,3,0.48,Global,357.27,1736.79,,1361.3448,,1992-03-01
1992,3,0.54,NH,357.27,1736.79,,1361.3448,,1992-03-01
1992,3,0.41000000000000003,SH,357.27,1736.79,,1361.3448,,1992-03-01
1992,4,0.27,Global,357.76,1736.65,,1361.5265,,1992-04-01
1992,4,0.16,NH,357.76,1736.65,,1361.5265,,1992-04-01
1992,4,0.39,SH,357.76,1736.65,,1361.5265,,1992-04-01
1992,5,0.31,Global,357.83,1735.05,,1361.4176,,1992-05-01
1992,5,0.19,NH,357.83,1735.05,,1361.4176,,1992-05-01
1992,5,0.44,SH,357.83,1735.05,,1361.4176,,1992-05-01
1992,6,0.25,Global,356.87,1731.58,,1361.4797,,1992-06-01
1992,6,0.04,NH,356.87,1731.58,,1361.4797,,1992-06-01
1992,6,0.47000000000000003,SH,356.87,1731.58,,1361.4797,,1992-06-01
1992,7,0.09,Global,355.19,1728.8,,1361.4364,,1992-07-01
1992,7,-0.1,NH,355.19,1728.8,,1361.4364,,1992-07-01
1992,7,0.27,SH,355.19,1728.8,,1361.4364,,1992-07-01
1992,8,0.08,Global,353.66,1730.33,,1361.4076,,1992-08-01
1992,8,-0.07,NH,353.66,1730.33,,1361.4076,,1992-08-01
1992,8,0.23,SH,353.66,1730.33,,1361.4076,,1992-08-01
1992,9,-0.01,Global,353.58,1734.59,,1361.5265,,1992-09-01
1992,9,-0.18,NH,353.58,1734.59,,1361.5265,,1992-09-01
1992,9,0.17,SH,353.58,1734.59,,1361.5265,,1992-09-01
1992,10,0.06,Global,354.81,1737.68,,1361.538,,1992-10-01
1992,10,-0.17,NH,354.81,1737.68,,1361.538,,1992-10-01
1992,10,0.3,SH,354.81,1737.68,,1361.538,,1992-10-01
1992,11,0.02,Global,355.99,1739.23,,1361.4706,,1992-11-01
1992,11,-0.09,NH,355.99,1739.23,,1361.4706,,1992-11-01
1992,11,0.14,SH,355.99,1739.23,,1361.4706,,1992-11-01
1992,12,0.21,Global,356.74,1738.51,,1361.3682,,1992-12-01
1992,12,0.21,NH,356.74,1738.51,,1361.3682,,1992-12-01
1992,12,0.21,SH,356.74,1738.51,,1361.3682,,1992-12-01
1993,1,0.34,Global,357.2,1735.77,,1361.4676,,1993-01-01
1993,1,0.39,NH,357.2,1735.77,,1361.4676,,1993-01-01
1993,1,0.29,SH,357.2,1735.77,,1361.4676,,1993-01-01
1993,2,0.37,Global,357.54,1734.37,,1361.5106,,1993-02-01
1993,2,0.52,NH,357.54,1734.37,,1361.5106,,1993-02-01
1993,2,0.21,SH,357.54,1734.37,,1361.5106,,1993-02-01
1993,3,0.36,Global,357.94,1735.38,,1361.412,,1993-03-01
1993,3,0.38,NH,357.94,1735.38,,1361.412,,1993-03-01
1993,3,0.33,SH,357.94,1735.38,,1361.412,,1993-03-01
1993,4,0.27,Global,358.41,1736.59,,1361.4889,,1993-04-01
1993,4,0.23,NH,358.41,1736.59,,1361.4889,,1993-04-01
1993,4,0.32,SH,358.41,1736.59,,1361.4889,,1993-04-01
1993,5,0.28,Global,358.38,1735.0,,1361.4717,,1993-05-01
1993,5,0.32,NH,358.38,1735.0,,1361.4717,,1993-05-01
1993,5,0.25,SH,358.38,1735.0,,1361.4717,,1993-05-01
1993,6,0.22,Global,357.34,1730.88,,1361.4931,,1993-06-01
1993,6,0.22,NH,357.34,1730.88,,1361.4931,,1993-06-01
1993,6,0.24,SH,357.34,1730.88,,1361.4931,,1993-06-01
1993,7,0.25,Global,355.7,1728.01,,1361.4608,,1993-07-01
1993,7,0.12,NH,355.7,1728.01,,1361.4608,,1993-07-01
1993,7,0.38,SH,355.7,1728.01,,1361.4608,,1993-07-01
1993,8,0.11,Global,354.41,1731.14,,1361.3958,,1993-08-01
1993,8,0.02,NH,354.41,1731.14,,1361.3958,,1993-08-01
1993,8,0.19,SH,354.41,1731.14,,1361.3958,,1993-08-01
1993,9,0.11,Global,354.47,1738.44,,1361.4928,,1993-09-01
1993,9,-0.07,NH,354.47,1738.44,,1361.4928,,1993-09-01
1993,9,0.29,SH,354.47,1738.44,,1361.4928,,1993-09-01
1993,10,0.23,Global,355.72,1743.38,,1361.4127,,1993-10-01
1993,10,0.12,NH,355.72,1743.38,,1361.4127,,1993-10-01
1993,10,0.35000000000000003,SH,355.72,1743.38,,1361.4127,,1993-10-01
1993,11,0.03,Global,356.96,1745.22,,1361.4059,,1993-11-01
1993,11,-0.21,NH,356.96,1745.22,,1361.4059,,1993-11-01
1993,11,0.28,SH,356.96,1745.22,,1361.4059,,1993-11-01
1993,12,0.18,Global,357.87,1744.27,,1361.3464,,1993-12-01
1993,12,0.22,NH,357.87,1744.27,,1361.3464,,1993-12-01
1993,12,0.14,SH,357.87,1744.27,,1361.3464,,1993-12-01
1994,1,0.26,Global,358.48,1741.38,,1361.3557,,1994-01-01
1994,1,0.33,NH,358.48,1741.38,,1361.3557,,1994-01-01
1994,1,0.18,SH,358.48,1741.38,,1361.3557,,1994-01-01
1994,2,0.02,Global,359.0,1740.84,,1361.3176,,1994-02-01
1994,2,-0.05,NH,359.0,1740.84,,1361.3176,,1994-02-01
1994,2,0.09,SH,359.0,1740.84,,1361.3176,,1994-02-01
1994,3,0.29,Global,359.36,1741.95,,1361.3364,,1994-03-01
1994,3,0.49,NH,359.36,1741.95,,1361.3364,,1994-03-01
1994,3,0.09,SH,359.36,1741.95,,1361.3364,,1994-03-01
1994,4,0.41000000000000003,Global,359.71,1741.99,,1361.413,,1994-04-01
1994,4,0.48,NH,359.71,1741.99,,1361.413,,1994-04-01
1994,4,0.34,SH,359.71,1741.99,,1361.413,,1994-04-01
1994,5,0.28,Global,359.74,1740.73,,1361.2405,,1994-05-01
1994,5,0.39,NH,359.74,1740.73,,1361.2405,,1994-05-01
1994,5,0.17,SH,359.74,1740.73,,1361.2405,,1994-05-01
1994,6,0.43,Global,358.8,1736.89,,1361.2094,,1994-06-01
1994,6,0.41000000000000003,NH,358.8,1736.89,,1361.2094,,1994-06-01
1994,6,0.45,SH,358.8,1736.89,,1361.2094,,1994-06-01
1994,7,0.3,Global,357.27,1732.29,,1361.3439,,1994-07-01
1994,7,0.33,NH,357.27,1732.29,,1361.3439,,1994-07-01
1994,7,0.26,SH,357.27,1732.29,,1361.3439,,1994-07-01
1994,8,0.21,Global,356.06,1734.04,,1361.2395,,1994-08-01
1994,8,0.32,NH,356.06,1734.04,,1361.2395,,1994-08-01
1994,8,0.11,SH,356.06,1734.04,,1361.2395,,1994-08-01
1994,9,0.31,Global,356.02,1742.94,,1361.1957,,1994-09-01
1994,9,0.33,NH,356.02,1742.94,,1361.1957,,1994-09-01
1994,9,0.29,SH,356.02,1742.94,,1361.1957,,1994-09-01
1994,10,0.42,Global,357.27,1749.79,,1361.2597,,1994-10-01
1994,10,0.54,NH,357.27,1749.79,,1361.2597,,1994-10-01
1994,10,0.31,SH,357.27,1749.79,,1361.2597,,1994-10-01
1994,11,0.44,Global,358.69,1751.28,,1361.1556,,1994-11-01
1994,11,0.5,NH,358.69,1751.28,,1361.1556,,1994-11-01
1994,11,0.39,SH,358.69,1751.28,,1361.1556,,1994-11-01
1994,12,0.38,Global,359.54,1751.65,,1361.2548,,1994-12-01
1994,12,0.36,NH,359.54,1751.65,,1361.2548,,1994-12-01
1994,12,0.41000000000000003,SH,359.54,1751.65,,1361.2548,,1994-12-01
1995,1,0.52,Global,360.12,1751.14,,1361.1748,,1995-01-01
1995,1,0.75,NH,360.12,1751.14,,1361.1748,,1995-01-01
1995,1,0.29,SH,360.12,1751.14,,1361.1748,,1995-01-01
1995,2,0.79,Global,360.61,1749.5,,1361.0935,,1995-02-01
1995,2,1.19,NH,360.61,1749.5,,1361.0935,,1995-02-01
1995,2,0.38,SH,360.61,1749.5,,1361.0935,,1995-02-01
1995,3,0.46,Global,361.08,1748.99,,1361.2025,,1995-03-01
1995,3,0.59,NH,361.08,1748.99,,1361.2025,,1995-03-01
1995,3,0.34,SH,361.08,1748.99,,1361.2025,,1995-03-01
1995,4,0.46,Global,361.55,1749.42,,1361.0409,,1995-04-01
1995,4,0.71,NH,361.55,1749.42,,1361.0409,,1995-04-01
1995,4,0.21,SH,361.55,1749.42,,1361.0409,,1995-04-01
1995,5,0.27,Global,361.46,1747.65,,1361.0846,,1995-05-01
1995,5,0.41000000000000003,NH,361.46,1747.65,,1361.0846,,1995-05-01
1995,5,0.13,SH,361.46,1747.65,,1361.0846,,1995-05-01
1995,6,0.43,Global,360.61,1742.83,,1361.0388,,1995-06-01
1995,6,0.5,NH,360.61,1742.83,,1361.0388,,1995-06-01
1995,6,0.36,SH,360.61,1742.83,,1361.0388,,1995-06-01
1995,7,0.45,Global,359.02,1740.17,,1361.0651,,1995-07-01
1995,7,0.37,NH,359.02,1740.17,,1361.0651,,1995-07-01
1995,7,0.54,SH,359.02,1740.17,,1361.0651,,1995-07-01
1995,8,0.45,Global,357.77,1743.59,,1361.0543,,1995-08-01
1995,8,0.54,NH,357.77,1743.59,,1361.0543,,1995-08-01
1995,8,0.37,SH,357.77,1743.59,,1361.0543,,1995-08-01
1995,9,0.33,Global,358.07,1749.77,,1360.9541,,1995-09-01
1995,9,0.43,NH,358.07,1749.77,,1360.9541,,1995-09-01
1995,9,0.23,SH,358.07,1749.77,,1360.9541,,1995-09-01
1995,10,0.46,Global,359.42,1754.35,,1360.8912,,1995-10-01
1995,10,0.6,NH,359.42,1754.35,,1360.8912,,1995-10-01
1995,10,0.32,SH,359.42,1754.35,,1360.8912,,1995-10-01
1995,11,0.44,Global,360.76,1755.51,,1360.9284,,1995-11-01
1995,11,0.5700000000000001,NH,360.76,1755.51,,1360.9284,,1995-11-01
1995,11,0.32,SH,360.76,1755.51,,1360.9284,,1995-11-01
1995,12,0.26,Global,361.65,1753.85,,1360.8482,,1995-12-01
1995,12,0.26,NH,361.65,1753.85,,1360.8482,,1995-12-01
1995,12,0.25,SH,361.65,1753.85,,1360.8482,,1995-12-01
1996,1,0.24,Global,362.14,1752.24,,1360.9598,,1996-01-01
1996,1,0.27,NH,362.14,1752.24,,1360.9598,,1996-01-01
1996,1,0.21,SH,362.14,1752.24,,1360.9598,,1996-01-01
1996,2,0.46,Global,362.5,1752.74,,1360.8433,,1996-02-01
1996,2,0.54,NH,362.5,1752.74,,1360.8433,,1996-02-01
1996,2,0.37,SH,362.5,1752.74,,1360.8433,,1996-02-01
1996,3,0.32,Global,362.82,1752.23,,1360.7959,,1996-03-01
1996,3,0.32,NH,362.82,1752.23,,1360.7959,,1996-03-01
1996,3,0.33,SH,362.82,1752.23,,1360.7959,,1996-03-01
1996,4,0.33,Global,363.14,1749.62,,1360.8015,,1996-04-01
1996,4,0.17,NH,363.14,1749.62,,1360.8015,,1996-04-01
1996,4,0.49,SH,363.14,1749.62,,1360.8015,,1996-04-01
1996,5,0.27,Global,363.29,1748.3,,1360.7035,,1996-05-01
1996,5,0.35000000000000003,NH,363.29,1748.3,,1360.7035,,1996-05-01
1996,5,0.19,SH,363.29,1748.3,,1360.7035,,1996-05-01
1996,6,0.25,Global,362.88,1746.04,,1360.7014,,1996-06-01
1996,6,0.25,NH,362.88,1746.04,,1360.7014,,1996-06-01
1996,6,0.26,SH,362.88,1746.04,,1360.7014,,1996-06-01
1996,7,0.36,Global,361.57,1742.07,,1360.7897,,1996-07-01
1996,7,0.29,NH,361.57,1742.07,,1360.7897,,1996-07-01
1996,7,0.43,SH,361.57,1742.07,,1360.7897,,1996-07-01
1996,8,0.48,Global,360.07,1744.29,,1360.6771,,1996-08-01
1996,8,0.18,NH,360.07,1744.29,,1360.6771,,1996-08-01
1996,8,0.77,SH,360.07,1744.29,,1360.6771,,1996-08-01
1996,9,0.25,Global,359.7,1752.62,,1360.6386,,1996-09-01
1996,9,0.04,NH,359.7,1752.62,,1360.6386,,1996-09-01
1996,9,0.46,SH,359.7,1752.62,,1360.6386,,1996-09-01
1996,10,0.22,Global,360.67,1758.91,,1360.6994,,1996-10-01
1996,10,0.05,NH,360.67,1758.91,,1360.6994,,1996-10-01
1996,10,0.38,SH,360.67,1758.91,,1360.6994,,1996-10-01
1996,11,0.41000000000000003,Global,361.78,1760.1,,1360.7142,,1996-11-01
1996,11,0.35000000000000003,NH,361.78,1760.1,,1360.7142,,1996-11-01
1996,11,0.47000000000000003,SH,361.78,1760.1,,1360.7142,,1996-11-01
1996,12,0.37,Global,362.63,1756.96,,1360.6741,,1996-12-01
1996,12,0.35000000000000003,NH,362.63,1756.96,,1360.6741,,1996-12-01
1996,12,0.39,SH,362.63,1756.96,,1360.6741,,1996-12-01
1997,1,0.32,Global,363.27,1753.4,,1360.6719,,1997-01-01
1997,1,0.34,NH,363.27,1753.4,,1360.6719,,1997-01-01
1997,1,0.29,SH,363.27,1753.4,,1360.6719,,1997-01-01
1997,2,0.4,Global,363.62,1753.86,,1360.5691,,1997-02-01
1997,2,0.6,NH,363.62,1753.86,,1360.5691,,1997-02-01
1997,2,0.2,SH,363.62,1753.86,,1360.5691,,1997-02-01
1997,3,0.52,Global,364.02,1755.67,,1360.5216,,1997-03-01
1997,3,0.74,NH,364.02,1755.67,,1360.5216,,1997-03-01
1997,3,0.28,SH,364.02,1755.67,,1360.5216,,1997-03-01
1997,4,0.33,Global,364.5,1755.53,,1360.6544,,1997-04-01
1997,4,0.49,NH,364.5,1755.53,,1360.6544,,1997-04-01
1997,4,0.17,SH,364.5,1755.53,,1360.6544,,1997-04-01
1997,5,0.34,Global,364.5,1753.81,,1360.5509,,1997-05-01
1997,5,0.42,NH,364.5,1753.81,,1360.5509,,1997-05-01
1997,5,0.26,SH,364.5,1753.81,,1360.5509,,1997-05-01
1997,6,0.54,Global,363.59,1750.08,,1360.543,,1997-06-01
1997,6,0.49,NH,363.59,1750.08,,1360.543,,1997-06-01
1997,6,0.59,SH,363.59,1750.08,,1360.543,,1997-06-01
1997,7,0.33,Global,361.94,1746.05,,1360.6116,,1997-07-01
1997,7,0.41000000000000003,NH,361.94,1746.05,,1360.6116,,1997-07-01
1997,7,0.27,SH,361.94,1746.05,,1360.6116,,1997-07-01
1997,8,0.41000000000000003,Global,360.42,1747.75,,1360.5636,,1997-08-01
1997,8,0.48,NH,360.42,1747.75,,1360.5636,,1997-08-01
1997,8,0.35000000000000003,SH,360.42,1747.75,,1360.5636,,1997-08-01
1997,9,0.52,Global,360.41,1754.97,,1360.5503,,1997-09-01
1997,9,0.52,NH,360.41,1754.97,,1360.5503,,1997-09-01
1997,9,0.54,SH,360.41,1754.97,,1360.5503,,1997-09-01
1997,10,0.61,Global,361.94,1760.29,,1360.6285,,1997-10-01
1997,10,0.63,NH,361.94,1760.29,,1360.6285,,1997-10-01
1997,10,0.6,SH,361.94,1760.29,,1360.6285,,1997-10-01
1997,11,0.64,Global,363.62,1761.71,,1360.4819,,1997-11-01
1997,11,0.59,NH,363.62,1761.71,,1360.4819,,1997-11-01
1997,11,0.7000000000000001,SH,363.62,1761.71,,1360.4819,,1997-11-01
1997,12,0.59,Global,364.69,1761.89,,1360.5554,,1997-12-01
1997,12,0.51,NH,364.69,1761.89,,1360.5554,,1997-12-01
1997,12,0.68,SH,364.69,1761.89,,1360.5554,,1997-12-01
1998,1,0.58,Global,365.19,1761.47,,1360.5079,,1998-01-01
1998,1,0.62,NH,365.19,1761.47,,1360.5079,,1998-01-01
1998,1,0.55,SH,365.19,1761.47,,1360.5079,,1998-01-01
1998,2,0.88,Global,365.47,1761.48,,1360.5157,,1998-02-01
1998,2,1.04,NH,365.47,1761.48,,1360.5157,,1998-02-01
1998,2,0.71,SH,365.47,1761.48,,1360.5157,,1998-02-01
1998,3,0.63,Global,365.93,1762.96,,1360.577,,1998-03-01
1998,3,0.72,NH,365.93,1762.96,,1360.577,,1998-03-01
1998,3,0.53,SH,365.93,1762.96,,1360.577,,1998-03-01
1998,4,0.63,Global,366.58,1764.71,,1360.5254,,1998-04-01
1998,4,0.87,NH,366.58,1764.71,,1360.5254,,1998-04-01
1998,4,0.39,SH,366.58,1764.71,,1360.5254,,1998-04-01
1998,5,0.68,Global,366.86,1764.25,,1360.5275,,1998-05-01
1998,5,0.66,NH,366.86,1764.25,,1360.5275,,1998-05-01
1998,5,0.7000000000000001,SH,366.86,1764.25,,1360.5275,,1998-05-01
1998,6,0.77,Global,366.26,1760.33,,1360.5559,,1998-06-01
1998,6,0.73,NH,366.26,1760.33,,1360.5559,,1998-06-01
1998,6,0.81,SH,366.26,1760.33,,1360.5559,,1998-06-01
1998,7,0.66,Global,364.83,1756.16,,1360.4868,,1998-07-01
1998,7,0.75,NH,364.83,1756.16,,1360.4868,,1998-07-01
1998,7,0.58,SH,364.83,1756.16,,1360.4868,,1998-07-01
1998,8,0.65,Global,363.79,1760.19,,1360.4671,,1998-08-01
1998,8,0.72,NH,363.79,1760.19,,1360.4671,,1998-08-01
1998,8,0.59,SH,363.79,1760.19,,1360.4671,,1998-08-01
1998,9,0.42,Global,364.03,1770.66,,1360.4619,,1998-09-01
1998,9,0.61,NH,364.03,1770.66,,1360.4619,,1998-09-01
1998,9,0.23,SH,364.03,1770.66,,1360.4619,,1998-09-01
1998,10,0.42,Global,365.34,1776.24,,1360.4219,,1998-10-01
1998,10,0.53,NH,365.34,1776.24,,1360.4219,,1998-10-01
1998,10,0.31,SH,365.34,1776.24,,1360.4219,,1998-10-01
1998,11,0.43,Global,366.6,1775.51,,1360.6303,,1998-11-01
1998,11,0.49,NH,366.6,1775.51,,1360.6303,,1998-11-01
1998,11,0.37,SH,366.6,1775.51,,1360.6303,,1998-11-01
1998,12,0.54,Global,367.47,1774.06,,1360.4807,,1998-12-01
1998,12,0.74,NH,367.47,1774.06,,1360.4807,,1998-12-01
1998,12,0.35000000000000003,SH,367.47,1774.06,,1360.4807,,1998-12-01
1999,1,0.48,Global,368.11,1773.79,,1360.5341,,1999-01-01
1999,1,0.59,NH,368.11,1773.79,,1360.5341,,1999-01-01
1999,1,0.36,SH,368.11,1773.79,,1360.5341,,1999-01-01
1999,2,0.64,Global,368.51,1773.89,,1360.5417,,1999-02-01
1999,2,1.0,NH,368.51,1773.89,,1360.5417,,1999-02-01
1999,2,0.26,SH,368.51,1773.89,,1360.5417,,1999-02-01
1999,3,0.32,Global,368.9,1774.57,,1360.5824,,1999-03-01
1999,3,0.29,NH,368.9,1774.57,,1360.5824,,1999-03-01
1999,3,0.35000000000000003,SH,368.9,1774.57,,1360.5824,,1999-03-01
1999,4,0.31,Global,369.29,1774.95,,1360.6202,,1999-04-01
1999,4,0.54,NH,369.29,1774.95,,1360.6202,,1999-04-01
1999,4,0.09,SH,369.29,1774.95,,1360.6202,,1999-04-01
1999,5,0.26,Global,369.21,1772.65,,1360.6357,,1999-05-01
1999,5,0.36,NH,369.21,1772.65,,1360.6357,,1999-05-01
1999,5,0.16,SH,369.21,1772.65,,1360.6357,,1999-05-01
1999,6,0.36,Global,368.36,1767.33,,1360.5778,,1999-06-01
1999,6,0.34,NH,368.36,1767.33,,1360.5778,,1999-06-01
1999,6,0.37,SH,368.36,1767.33,,1360.5778,,1999-06-01
1999,7,0.38,Global,366.69,1762.94,,1360.6138,,1999-07-01
1999,7,0.35000000000000003,NH,366.69,1762.94,,1360.6138,,1999-07-01
1999,7,0.41000000000000003,SH,366.69,1762.94,,1360.6138,,1999-07-01
1999,8,0.31,Global,365.33,1764.63,,1360.6523,,1999-08-01
1999,8,0.3,NH,365.33,1764.63,,1360.6523,,1999-08-01
1999,8,0.32,SH,365.33,1764.63,,1360.6523,,1999-08-01
1999,9,0.38,Global,365.44,1771.02,,1360.6425,,1999-09-01
1999,9,0.4,NH,365.44,1771.02,,1360.6425,,1999-09-01
1999,9,0.36,SH,365.44,1771.02,,1360.6425,,1999-09-01
1999,10,0.34,Global,366.75,1776.61,,1360.7529,,1999-10-01
1999,10,0.39,NH,366.75,1776.61,,1360.7529,,1999-10-01
1999,10,0.28,SH,366.75,1776.61,,1360.7529,,1999-10-01
1999,11,0.37,Global,368.04,1778.53,,1360.7155,,1999-11-01
1999,11,0.53,NH,368.04,1778.53,,1360.7155,,1999-11-01
1999,11,0.21,SH,368.04,1778.53,,1360.7155,,1999-11-01
1999,12,0.4,Global,368.88,1777.23,,1360.7467,,1999-12-01
1999,12,0.66,NH,368.88,1777.23,,1360.7467,,1999-12-01
1999,12,0.14,SH,368.88,1777.23,,1360.7467,,1999-12-01
2000,1,0.25,Global,369.39,1775.54,,1360.7628,,2000-01-01
2000,1,0.38,NH,369.39,1775.54,,1360.7628,,2000-01-01
2000,1,0.11,SH,369.39,1775.54,,1360.7628,,2000-01-01
2000,2,0.55,Global,369.65,1775.45,,1360.8087,,2000-02-01
2000,2,0.89,NH,369.65,1775.45,,1360.8087,,2000-02-01
2000,2,0.21,SH,369.65,1775.45,,1360.8087,,2000-02-01
2000,3,0.55,Global,369.97,1776.49,,1360.7799,,2000-03-01
2000,3,0.8300000000000001,NH,369.97,1776.49,,1360.7799,,2000-03-01
2000,3,0.25,SH,369.97,1776.49,,1360.7799,,2000-03-01
2000,4,0.56,Global,370.35,1777.21,,1360.7275,,2000-04-01
2000,4,0.88,NH,370.35,1777.21,,1360.7275,,2000-04-01
2000,4,0.23,SH,370.35,1777.21,,1360.7275,,2000-04-01
2000,5,0.35000000000000003,Global,370.24,1774.57,,1360.8342,,2000-05-01
2000,5,0.55,NH,370.24,1774.57,,1360.8342,,2000-05-01
2000,5,0.16,SH,370.24,1774.57,,1360.8342,,2000-05-01
2000,6,0.4,Global,369.31,1768.13,,1360.8039,,2000-06-01
2000,6,0.44,NH,369.31,1768.13,,1360.8039,,2000-06-01
2000,6,0.35000000000000003,SH,369.31,1768.13,,1360.8039,,2000-06-01
2000,7,0.39,Global,367.91,1763.46,,1360.8327,,2000-07-01
2000,7,0.41000000000000003,NH,367.91,1763.46,,1360.8327,,2000-07-01
2000,7,0.35000000000000003,SH,367.91,1763.46,,1360.8327,,2000-07-01
2000,8,0.42,Global,366.76,1765.44,,1360.9114,,2000-08-01
2000,8,0.47000000000000003,NH,366.76,1765.44,,1360.9114,,2000-08-01
2000,8,0.37,SH,366.76,1765.44,,1360.9114,,2000-08-01
2000,9,0.38,Global,366.71,1772.03,,1360.9673,,2000-09-01
2000,9,0.36,NH,366.71,1772.03,,1360.9673,,2000-09-01
2000,9,0.4,SH,366.71,1772.03,,1360.9673,,2000-09-01
2000,10,0.26,Global,367.91,1777.1,,1360.9299,,2000-10-01
2000,10,0.29,NH,367.91,1777.1,,1360.9299,,2000-10-01
2000,10,0.25,SH,367.91,1777.1,,1360.9299,,2000-10-01
2000,11,0.3,Global,369.28,1777.72,,1360.9679,,2000-11-01
2000,11,0.19,NH,369.28,1777.72,,1360.9679,,2000-11-01
2000,11,0.41000000000000003,SH,369.28,1777.72,,1360.9679,,2000-11-01
2000,12,0.27,Global,370.1,1775.3,,1361.0613,,2000-12-01
2000,12,0.27,NH,370.1,1775.3,,1361.0613,,2000-12-01
2000,12,0.28,SH,370.1,1775.3,,1361.0613,,2000-12-01
2001,1,0.45,Global,370.69,1772.87,316.3,1361.012,,2001-01-01
2001,1,0.56,NH,370.69,1772.87,316.3,1361.012,,2001-01-01
2001,1,0.32,SH,370.69,1772.87,316.3,1361.012,,2001-01-01
2001,2,0.43,Global,371.18,1772.52,316.31,1361.1539,,2001-02-01
2001,2,0.46,NH,371.18,1772.52,316.31,1361.1539,,2001-02-01
2001,2,0.41000000000000003,SH,371.18,1772.52,316.31,1361.1539,,2001-02-01
2001,3,0.55,Global,371.58,1773.65,316.21,1361.0758,,2001-03-01
2001,3,0.76,NH,371.58,1773.65,316.21,1361.0758,,2001-03-01
2001,3,0.34,SH,371.58,1773.65,316.21,1361.0758,,2001-03-01
2001,4,0.5,Global,371.9,1773.87,316.12,1360.9831,,2001-04-01
2001,4,0.59,NH,371.9,1773.87,316.12,1360.9831,,2001-04-01
2001,4,0.4,SH,371.9,1773.87,316.12,1360.9831,,2001-04-01
2001,5,0.5700000000000001,Global,371.76,1770.88,316.11,1361.1323,,2001-05-01
2001,5,0.6900000000000001,NH,371.76,1770.88,316.11,1361.1323,,2001-05-01
2001,5,0.45,SH,371.76,1770.88,316.11,1361.1323,,2001-05-01
2001,6,0.52,Global,370.83,1766.1,316.16,1361.1369,,2001-06-01
2001,6,0.51,NH,370.83,1766.1,316.16,1361.1369,,2001-06-01
2001,6,0.52,SH,370.83,1766.1,316.16,1361.1369,,2001-06-01
2001,7,0.59,Global,369.45,1763.02,316.23,1361.2054,,2001-07-01
2001,7,0.63,NH,369.45,1763.02,316.23,1361.2054,,2001-07-01
2001,7,0.55,SH,369.45,1763.02,316.23,1361.2054,,2001-07-01
2001,8,0.48,Global,368.31,1764.51,316.3,1361.1972,,2001-08-01
2001,8,0.68,NH,368.31,1764.51,316.3,1361.1972,,2001-08-01
2001,8,0.29,SH,368.31,1764.51,316.3,1361.1972,,2001-08-01
2001,9,0.51,Global,368.36,1770.44,316.41,1361.1789,,2001-09-01
2001,9,0.56,NH,368.36,1770.44,316.41,1361.1789,,2001-09-01
2001,9,0.46,SH,368.36,1770.44,316.41,1361.1789,,2001-09-01
2001,10,0.49,Global,369.71,1775.49,316.59,1361.1465,,2001-10-01
2001,10,0.6,NH,369.71,1775.49,316.59,1361.1465,,2001-10-01
2001,10,0.39,SH,369.71,1775.49,316.59,1361.1465,,2001-10-01
2001,11,0.72,Global,371.06,1776.58,316.76,1361.2187,,2001-11-01
2001,11,0.97,NH,371.06,1776.58,316.76,1361.2187,,2001-11-01
2001,11,0.46,SH,371.06,1776.58,316.76,1361.2187,,2001-11-01
2001,12,0.55,Global,371.98,1775.92,316.87,1361.2075,,2001-12-01
2001,12,0.65,NH,371.98,1775.92,316.87,1361.2075,,2001-12-01
2001,12,0.45,SH,371.98,1775.92,316.87,1361.2075,,2001-12-01
2002,1,0.76,Global,372.51,1774.12,316.93,1361.2413,,2002-01-01
2002,1,1.01,NH,372.51,1774.12,316.93,1361.2413,,2002-01-01
2002,1,0.51,SH,372.51,1774.12,316.93,1361.2413,,2002-01-01
2002,2,0.78,Global,372.91,1772.86,316.97,1361.3195,,2002-02-01
2002,2,1.1400000000000001,NH,372.91,1772.86,316.97,1361.3195,,2002-02-01
2002,2,0.41000000000000003,SH,372.91,1772.86,316.97,1361.3195,,2002-02-01
2002,3,0.88,Global,373.38,1773.41,316.96,1361.3926,,2002-03-01
2002,3,1.11,NH,373.38,1773.41,316.96,1361.3926,,2002-03-01
2002,3,0.63,SH,373.38,1773.41,316.96,1361.3926,,2002-03-01
2002,4,0.5700000000000001,Global,373.73,1772.74,316.9,1361.3472,,2002-04-01
2002,4,0.51,NH,373.73,1772.74,316.9,1361.3472,,2002-04-01
2002,4,0.64,SH,373.73,1772.74,316.9,1361.3472,,2002-04-01
2002,5,0.64,Global,373.71,1770.28,316.85,1361.2852,,2002-05-01
2002,5,0.52,NH,373.71,1770.28,316.85,1361.2852,,2002-05-01
2002,5,0.76,SH,373.71,1770.28,316.85,1361.2852,,2002-05-01
2002,6,0.53,Global,372.84,1766.89,316.83,1361.3841,,2002-06-01
2002,6,0.68,NH,372.84,1766.89,316.83,1361.3841,,2002-06-01
2002,6,0.38,SH,372.84,1766.89,316.83,1361.3841,,2002-06-01
2002,7,0.61,Global,371.41,1764.26,316.82,1361.4377,,2002-07-01
2002,7,0.66,NH,371.41,1764.26,316.82,1361.4377,,2002-07-01
2002,7,0.56,SH,371.41,1764.26,316.82,1361.4377,,2002-07-01
2002,8,0.53,Global,370.35,1766.98,316.82,1361.3625,,2002-08-01
2002,8,0.55,NH,370.35,1766.98,316.82,1361.3625,,2002-08-01
2002,8,0.51,SH,370.35,1766.98,316.82,1361.3625,,2002-08-01
2002,9,0.63,Global,370.67,1773.76,316.87,1361.4006,,2002-09-01
2002,9,0.62,NH,370.67,1773.76,316.87,1361.4006,,2002-09-01
2002,9,0.64,SH,370.67,1773.76,316.87,1361.4006,,2002-09-01
2002,10,0.54,Global,371.95,1778.26,316.99,1361.4214,,2002-10-01
2002,10,0.54,NH,371.95,1778.26,316.99,1361.4214,,2002-10-01
2002,10,0.55,SH,371.95,1778.26,316.99,1361.4214,,2002-10-01
2002,11,0.59,Global,373.28,1779.49,317.13,1361.3938,,2002-11-01
2002,11,0.78,NH,373.28,1779.49,317.13,1361.3938,,2002-11-01
2002,11,0.4,SH,373.28,1779.49,317.13,1361.3938,,2002-11-01
2002,12,0.44,Global,374.26,1779.64,317.24,1361.4768,,2002-12-01
2002,12,0.43,NH,374.26,1779.64,317.24,1361.4768,,2002-12-01
2002,12,0.46,SH,374.26,1779.64,317.24,1361.4768,,2002-12-01
2003,1,0.74,Global,374.94,1777.54,317.29,1361.4488,,2003-01-01
2003,1,0.92,NH,374.94,1777.54,317.29,1361.4488,,2003-01-01
2003,1,0.56,SH,374.94,1777.54,317.29,1361.4488,,2003-01-01
2003,2,0.58,Global,375.47,1774.83,317.34,1361.4852,,2003-02-01
2003,2,0.56,NH,375.47,1774.83,317.34,1361.4852,,2003-02-01
2003,2,0.59,SH,375.47,1774.83,317.34,1361.4852,,2003-02-01
2003,3,0.6,Global,375.91,1774.84,317.41,1361.4281,,2003-03-01
2003,3,0.66,NH,375.91,1774.84,317.41,1361.4281,,2003-03-01
2003,3,0.53,SH,375.91,1774.84,317.41,1361.4281,,2003-03-01
2003,4,0.55,Global,376.39,1775.8,317.48,1361.4579,,2003-04-01
2003,4,0.61,NH,376.39,1775.8,317.48,1361.4579,,2003-04-01
2003,4,0.49,SH,376.39,1775.8,317.48,1361.4579,,2003-04-01
2003,5,0.6,Global,376.54,1774.45,317.51,1361.522,,2003-05-01
2003,5,0.72,NH,376.54,1774.45,317.51,1361.522,,2003-05-01
2003,5,0.48,SH,376.54,1774.45,317.51,1361.522,,2003-05-01
2003,6,0.47000000000000003,Global,375.71,1771.68,317.53,1361.4723,,2003-06-01
2003,6,0.54,NH,375.71,1771.68,317.53,1361.4723,,2003-06-01
2003,6,0.41000000000000003,SH,375.71,1771.68,317.53,1361.4723,,2003-06-01
2003,7,0.58,Global,374.17,1770.71,317.56,1361.5813,,2003-07-01
2003,7,0.68,NH,374.17,1770.71,317.56,1361.5813,,2003-07-01
2003,7,0.48,SH,374.17,1770.71,317.56,1361.5813,,2003-07-01
2003,8,0.64,Global,372.94,1774.3,317.63,1361.4778,,2003-08-01
2003,8,0.86,NH,372.94,1774.3,317.63,1361.4778,,2003-08-01
2003,8,0.42,SH,372.94,1774.3,317.63,1361.4778,,2003-08-01
2003,9,0.62,Global,373.09,1780.55,317.77,1361.5107,,2003-09-01
2003,9,0.78,NH,373.09,1780.55,317.77,1361.5107,,2003-09-01
2003,9,0.46,SH,373.09,1780.55,317.77,1361.5107,,2003-09-01
2003,10,0.72,Global,374.36,1784.69,317.93,1361.5466,,2003-10-01
2003,10,0.98,NH,374.36,1784.69,317.93,1361.5466,,2003-10-01
2003,10,0.46,SH,374.36,1784.69,317.93,1361.5466,,2003-10-01
2003,11,0.52,Global,375.65,1785.28,318.04,1361.4285,,2003-11-01
2003,11,0.66,NH,375.65,1785.28,318.04,1361.4285,,2003-11-01
2003,11,0.4,SH,375.65,1785.28,318.04,1361.4285,,2003-11-01
2003,12,0.74,Global,376.52,1783.56,318.11,1361.4097,,2003-12-01
2003,12,0.98,NH,376.52,1783.56,318.11,1361.4097,,2003-12-01
2003,12,0.51,SH,376.52,1783.56,318.11,1361.4097,,2003-12-01
2004,1,0.5700000000000001,Global,377.21,1780.74,318.18,1361.4186,,2004-01-01
2004,1,0.66,NH,377.21,1780.74,318.18,1361.4186,,2004-01-01
2004,1,0.48,SH,377.21,1780.74,318.18,1361.4186,,2004-01-01
2004,2,0.72,Global,377.72,1779.68,318.2,1361.5541,,2004-02-01
2004,2,0.91,NH,377.72,1779.68,318.2,1361.5541,,2004-02-01
2004,2,0.52,SH,377.72,1779.68,318.2,1361.5541,,2004-02-01
2004,3,0.63,Global,378.15,1780.93,318.16,1361.4583,,2004-03-01
2004,3,0.86,NH,378.15,1780.93,318.16,1361.4583,,2004-03-01
2004,3,0.38,SH,378.15,1780.93,318.16,1361.4583,,2004-03-01
2004,4,0.6,Global,378.48,1780.88,318.14,1361.6077,,2004-04-01
2004,4,0.7000000000000001,NH,378.48,1780.88,318.14,1361.6077,,2004-04-01
2004,4,0.51,SH,378.48,1780.88,318.14,1361.6077,,2004-04-01
2004,5,0.36,Global,378.41,1777.74,318.14,1361.4443,,2004-05-01
2004,5,0.52,NH,378.41,1777.74,318.14,1361.4443,,2004-05-01
2004,5,0.21,SH,378.41,1777.74,318.14,1361.4443,,2004-05-01
2004,6,0.43,Global,377.51,1772.43,318.13,1361.4734,,2004-06-01
2004,6,0.47000000000000003,NH,377.51,1772.43,318.13,1361.4734,,2004-06-01
2004,6,0.4,SH,377.51,1772.43,318.13,1361.4734,,2004-06-01
2004,7,0.25,Global,375.94,1768.17,318.14,1361.5319,,2004-07-01
2004,7,0.5,NH,375.94,1768.17,318.14,1361.5319,,2004-07-01
2004,7,0.02,SH,375.94,1768.17,318.14,1361.5319,,2004-07-01
2004,8,0.44,Global,374.47,1769.97,318.17,1361.5447,,2004-08-01
2004,8,0.55,NH,374.47,1769.97,318.17,1361.5447,,2004-08-01
2004,8,0.35000000000000003,SH,374.47,1769.97,318.17,1361.5447,,2004-08-01
2004,9,0.5,Global,374.38,1775.87,318.22,1361.5361,,2004-09-01
2004,9,0.59,NH,374.38,1775.87,318.22,1361.5361,,2004-09-01
2004,9,0.41000000000000003,SH,374.38,1775.87,318.22,1361.5361,,2004-09-01
2004,10,0.6,Global,375.72,1780.08,318.34,1361.481,,2004-10-01
2004,10,0.7000000000000001,NH,375.72,1780.08,318.34,1361.481,,2004-10-01
2004,10,0.51,SH,375.72,1780.08,318.34,1361.481,,2004-10-01
2004,11,0.72,Global,377.2,1780.53,318.56,1361.4585,,2004-11-01
2004,11,0.98,NH,377.2,1780.53,318.56,1361.4585,,2004-11-01
2004,11,0.47000000000000003,SH,377.2,1780.53,318.56,1361.4585,,2004-11-01
2004,12,0.5,Global,378.17,1778.17,318.77,1361.4227,,2004-12-01
2004,12,0.44,NH,378.17,1778.17,318.77,1361.4227,,2004-12-01
2004,12,0.56,SH,378.17,1778.17,318.77,1361.4227,,2004-12-01
2005,1,0.75,Global,378.73,1776.13,318.87,1361.4168,,2005-01-01
2005,1,0.9400000000000001,NH,378.73,1776.13,318.87,1361.4168,,2005-01-01
2005,1,0.54,SH,378.73,1776.13,318.87,1361.4168,,2005-01-01
2005,2,0.59,Global,379.26,1775.76,318.89,1361.3343,,2005-02-01
2005,2,0.71,NH,379.26,1775.76,318.89,1361.3343,,2005-02-01
2005,2,0.47000000000000003,SH,379.26,1775.76,318.89,1361.3343,,2005-02-01
2005,3,0.74,Global,379.86,1775.58,318.86,1361.3041,,2005-03-01
2005,3,0.9500000000000001,NH,379.86,1775.58,318.86,1361.3041,,2005-03-01
2005,3,0.53,SH,379.86,1775.58,318.86,1361.3041,,2005-03-01
2005,4,0.66,Global,380.32,1774.79,318.78,1361.3273,,2005-04-01
2005,4,0.93,NH,380.32,1774.79,318.78,1361.3273,,2005-04-01
2005,4,0.4,SH,380.32,1774.79,318.78,1361.3273,,2005-04-01
2005,5,0.62,Global,380.42,1772.51,318.66,1361.3006,,2005-05-01
2005,5,0.77,NH,380.42,1772.51,318.66,1361.3006,,2005-05-01
2005,5,0.48,SH,380.42,1772.51,318.66,1361.3006,,2005-05-01
2005,6,0.64,Global,379.6,1768.81,318.59,1361.2674,,2005-06-01
2005,6,0.79,NH,379.6,1768.81,318.59,1361.2674,,2005-06-01
2005,6,0.51,SH,379.6,1768.81,318.59,1361.2674,,2005-06-01
2005,7,0.61,Global,377.94,1766.41,318.65,1361.3051,,2005-07-01
2005,7,0.75,NH,377.94,1766.41,318.65,1361.3051,,2005-07-01
2005,7,0.48,SH,377.94,1766.41,318.65,1361.3051,,2005-07-01
2005,8,0.6,Global,376.73,1768.16,318.77,1361.2978,,2005-08-01
2005,8,0.7000000000000001,NH,376.73,1768.16,318.77,1361.2978,,2005-08-01
2005,8,0.5,SH,376.73,1768.16,318.77,1361.2978,,2005-08-01
2005,9,0.71,Global,376.76,1773.24,318.9,1361.2335,,2005-09-01
2005,9,0.9,NH,376.76,1773.24,318.9,1361.2335,,2005-09-01
2005,9,0.53,SH,376.76,1773.24,318.9,1361.2335,,2005-09-01
2005,10,0.76,Global,378.07,1778.59,319.11,1361.2816,,2005-10-01
2005,10,0.9500000000000001,NH,378.07,1778.59,319.11,1361.2816,,2005-10-01
2005,10,0.5700000000000001,SH,378.07,1778.59,319.11,1361.2816,,2005-10-01
2005,11,0.74,Global,379.53,1781.25,319.36,1361.1287,,2005-11-01
2005,11,1.06,NH,379.53,1781.25,319.36,1361.1287,,2005-11-01
2005,11,0.42,SH,379.53,1781.25,319.36,1361.1287,,2005-11-01
2005,12,0.67,Global,380.52,1780.26,319.58,1361.1539,,2005-12-01
2005,12,0.8300000000000001,NH,380.52,1780.26,319.58,1361.1539,,2005-12-01
2005,12,0.51,SH,380.52,1780.26,319.58,1361.1539,,2005-12-01
2006,1,0.56,Global,381.35,1779.53,319.73,1361.105,,2006-01-01
2006,1,0.64,NH,381.35,1779.53,319.73,1361.105,,2006-01-01
2006,1,0.47000000000000003,SH,381.35,1779.53,319.73,1361.105,,2006-01-01
2006,2,0.73,Global,381.97,1779.48,319.81,1361.0246,,2006-02-01
2006,2,0.96,NH,381.97,1779.48,319.81,1361.0246,,2006-02-01
2006,2,0.51,SH,381.97,1779.48,319.81,1361.0246,,2006-02-01
2006,3,0.63,Global,382.36,1777.39,319.77,1361.0905,,2006-03-01
2006,3,0.78,NH,382.36,1777.39,319.77,1361.0905,,2006-03-01
2006,3,0.47000000000000003,SH,382.36,1777.39,319.77,1361.0905,,2006-03-01
2006,4,0.46,Global,382.69,1776.12,319.7,1361.0651,,2006-04-01
2006,4,0.6,NH,382.69,1776.12,319.7,1361.0651,,2006-04-01
2006,4,0.33,SH,382.69,1776.12,319.7,1361.0651,,2006-04-01
2006,5,0.48,Global,382.64,1774.91,319.69,1361.1232,,2006-05-01
2006,5,0.76,NH,382.64,1774.91,319.69,1361.1232,,2006-05-01
2006,5,0.2,SH,382.64,1774.91,319.69,1361.1232,,2006-05-01
2006,6,0.66,Global,381.77,1769.23,319.66,1361.0553,,2006-06-01
2006,6,0.81,NH,381.77,1769.23,319.66,1361.0553,,2006-06-01
2006,6,0.51,SH,381.77,1769.23,319.66,1361.0553,,2006-06-01
2006,7,0.54,Global,380.05,1764.17,319.63,1360.9488,,2006-07-01
2006,7,0.6900000000000001,NH,380.05,1764.17,319.63,1360.9488,,2006-07-01
2006,7,0.39,SH,380.05,1764.17,319.63,1360.9488,,2006-07-01
2006,8,0.71,Global,378.46,1767.24,319.68,1361.0689,,2006-08-01
2006,8,0.6900000000000001,NH,378.46,1767.24,319.68,1361.0689,,2006-08-01
2006,8,0.72,SH,378.46,1767.24,319.68,1361.0689,,2006-08-01
2006,9,0.66,Global,378.65,1774.58,319.82,1361.0135,,2006-09-01
2006,9,0.8200000000000001,NH,378.65,1774.58,319.82,1361.0135,,2006-09-01
2006,9,0.49,SH,378.65,1774.58,319.82,1361.0135,,2006-09-01
2006,10,0.7000000000000001,Global,380.12,1778.25,320.0,1360.9579,,2006-10-01
2006,10,0.98,NH,380.12,1778.25,320.0,1360.9579,,2006-10-01
2006,10,0.43,SH,380.12,1778.25,320.0,1360.9579,,2006-10-01
2006,11,0.73,Global,381.46,1779.04,320.16,1360.8941,,2006-11-01
2006,11,0.9400000000000001,NH,381.46,1779.04,320.16,1360.8941,,2006-11-01
2006,11,0.52,SH,381.46,1779.04,320.16,1360.8941,,2006-11-01
2006,12,0.79,Global,382.41,1779.91,320.27,1360.8341,,2006-12-01
2006,12,1.16,NH,382.41,1779.91,320.27,1360.8341,,2006-12-01
2006,12,0.42,SH,382.41,1779.91,320.27,1360.8341,,2006-12-01
2007,1,1.01,Global,383.03,1779.25,320.36,1360.8405,,2007-01-01
2007,1,1.45,NH,383.03,1779.25,320.36,1360.8405,,2007-01-01
2007,1,0.56,SH,383.03,1779.25,320.36,1360.8405,,2007-01-01
2007,2,0.7000000000000001,Global,383.54,1778.67,320.38,1360.8909,,2007-02-01
2007,2,0.9,NH,383.54,1778.67,320.38,1360.8909,,2007-02-01
2007,2,0.5,SH,383.54,1778.67,320.38,1360.8909,,2007-02-01
2007,3,0.71,Global,384.0,1780.26,320.28,1360.9084,,2007-03-01
2007,3,0.93,NH,384.0,1780.26,320.28,1360.9084,,2007-03-01
2007,3,0.49,SH,384.0,1780.26,320.28,1360.9084,,2007-03-01
2007,4,0.77,Global,384.27,1781.02,320.18,1360.8695,,2007-04-01
2007,4,1.07,NH,384.27,1781.02,320.18,1360.8695,,2007-04-01
2007,4,0.46,SH,384.27,1781.02,320.18,1360.8695,,2007-04-01
2007,5,0.6900000000000001,Global,384.12,1779.28,320.22,1360.7464,,2007-05-01
2007,5,0.71,NH,384.12,1779.28,320.22,1360.7464,,2007-05-01
2007,5,0.66,SH,384.12,1779.28,320.22,1360.7464,,2007-05-01
2007,6,0.61,Global,383.26,1775.48,320.24,1360.694,,2007-06-01
2007,6,0.65,NH,383.26,1775.48,320.24,1360.694,,2007-06-01
2007,6,0.56,SH,383.26,1775.48,320.24,1360.694,,2007-06-01
2007,7,0.59,Global,381.55,1772.66,320.18,1360.7367,,2007-07-01
2007,7,0.65,NH,381.55,1772.66,320.18,1360.7367,,2007-07-01
2007,7,0.54,SH,381.55,1772.66,320.18,1360.7367,,2007-07-01
2007,8,0.6,Global,380.3,1777.33,320.22,1360.6215,,2007-08-01
2007,8,0.73,NH,380.3,1777.33,320.22,1360.6215,,2007-08-01
2007,8,0.47000000000000003,SH,380.3,1777.33,320.22,1360.6215,,2007-08-01
2007,9,0.6,Global,380.69,1785.87,320.46,1360.7071,,2007-09-01
2007,9,0.68,NH,380.69,1785.87,320.46,1360.7071,,2007-09-01
2007,9,0.52,SH,380.69,1785.87,320.46,1360.7071,,2007-09-01
2007,10,0.59,Global,382.11,1789.69,320.73,1360.6652,,2007-10-01
2007,10,0.84,NH,382.11,1789.69,320.73,1360.6652,,2007-10-01
2007,10,0.34,SH,382.11,1789.69,320.73,1360.6652,,2007-10-01
2007,11,0.59,Global,383.45,1789.32,320.95,1360.6317,,2007-11-01
2007,11,0.8200000000000001,NH,383.45,1789.32,320.95,1360.6317,,2007-11-01
2007,11,0.35000000000000003,SH,383.45,1789.32,320.95,1360.6317,,2007-11-01
2007,12,0.49,Global,384.46,1788.08,321.16,1360.5584,,2007-12-01
2007,12,0.77,NH,384.46,1788.08,321.16,1360.5584,,2007-12-01
2007,12,0.21,SH,384.46,1788.08,321.16,1360.5584,,2007-12-01
2008,1,0.3,Global,385.23,1786.7,321.33,1360.6478,,2008-01-01
2008,1,0.33,NH,385.23,1786.7,321.33,1360.6478,,2008-01-01
2008,1,0.25,SH,385.23,1786.7,321.33,1360.6478,,2008-01-01
2008,2,0.38,Global,385.74,1785.82,321.39,1360.5803,,2008-02-01
2008,2,0.59,NH,385.74,1785.82,321.39,1360.5803,,2008-02-01
2008,2,0.16,SH,385.74,1785.82,321.39,1360.5803,,2008-02-01
2008,3,0.74,Global,386.15,1786.16,321.38,1360.5342,,2008-03-01
2008,3,1.1400000000000001,NH,386.15,1786.16,321.38,1360.5342,,2008-03-01
2008,3,0.34,SH,386.15,1786.16,321.38,1360.5342,,2008-03-01
2008,4,0.53,Global,386.53,1786.89,321.39,1360.4358,,2008-04-01
2008,4,0.65,NH,386.53,1786.89,321.39,1360.4358,,2008-04-01
2008,4,0.41000000000000003,SH,386.53,1786.89,321.39,1360.4358,,2008-04-01
2008,5,0.49,Global,386.49,1785.21,321.43,1360.5656,,2008-05-01
2008,5,0.61,NH,386.49,1785.21,321.43,1360.5656,,2008-05-01
2008,5,0.38,SH,386.49,1785.21,321.43,1360.5656,,2008-05-01
2008,6,0.49,Global,385.58,1780.46,321.45,1360.6442,,2008-06-01
2008,6,0.61,NH,385.58,1780.46,321.45,1360.6442,,2008-06-01
2008,6,0.36,SH,385.58,1780.46,321.45,1360.6442,,2008-06-01
2008,7,0.6,Global,384.1,1777.64,321.42,1360.6282,,2008-07-01
2008,7,0.6,NH,384.1,1777.64,321.42,1360.6282,,2008-07-01
2008,7,0.59,SH,384.1,1777.64,321.42,1360.6282,,2008-07-01
2008,8,0.45,Global,382.77,1781.05,321.4,1360.513,,2008-08-01
2008,8,0.58,NH,382.77,1781.05,321.4,1360.513,,2008-08-01
2008,8,0.33,SH,382.77,1781.05,321.4,1360.513,,2008-08-01
2008,9,0.6,Global,382.54,1787.65,321.49,1360.4974,,2008-09-01
2008,9,0.56,NH,382.54,1787.65,321.49,1360.4974,,2008-09-01
2008,9,0.64,SH,382.54,1787.65,321.49,1360.4974,,2008-09-01
2008,10,0.66,Global,383.67,1793.68,321.65,1360.5437,,2008-10-01
2008,10,0.85,NH,383.67,1793.68,321.65,1360.5437,,2008-10-01
2008,10,0.49,SH,383.67,1793.68,321.65,1360.5437,,2008-10-01
2008,11,0.6900000000000001,Global,385.18,1797.31,321.8,1360.4642,,2008-11-01
2008,11,0.97,NH,385.18,1797.31,321.8,1360.4642,,2008-11-01
2008,11,0.42,SH,385.18,1797.31,321.8,1360.4642,,2008-11-01
2008,12,0.53,Global,386.27,1796.57,321.98,1360.5241,,2008-12-01
2008,12,0.65,NH,386.27,1796.57,321.98,1360.5241,,2008-12-01
2008,12,0.42,SH,386.27,1796.57,321.98,1360.5241,,2008-12-01
2009,1,0.64,Global,387.03,1795.06,322.21,1360.5434,,2009-01-01
2009,1,0.8200000000000001,NH,387.03,1795.06,322.21,1360.5434,,2009-01-01
2009,1,0.46,SH,387.03,1795.06,322.21,1360.5434,,2009-01-01
2009,2,0.53,Global,387.48,1795.59,322.34,1360.5636,,2009-02-01
2009,2,0.7000000000000001,NH,387.48,1795.59,322.34,1360.5636,,2009-02-01
2009,2,0.35000000000000003,SH,387.48,1795.59,322.34,1360.5636,,2009-02-01
2009,3,0.53,Global,387.71,1795.93,322.27,1360.4956,,2009-03-01
2009,3,0.58,NH,387.71,1795.93,322.27,1360.4956,,2009-03-01
2009,3,0.48,SH,387.71,1795.93,322.27,1360.4956,,2009-03-01
2009,4,0.61,Global,387.99,1795.55,322.1,1360.4898,,2009-04-01
2009,4,0.71,NH,387.99,1795.55,322.1,1360.4898,,2009-04-01
2009,4,0.5,SH,387.99,1795.55,322.1,1360.4898,,2009-04-01
2009,5,0.65,Global,387.95,1792.4,321.98,1360.4567,,2009-05-01
2009,5,0.65,NH,387.95,1792.4,321.98,1360.4567,,2009-05-01
2009,5,0.65,SH,387.95,1792.4,321.98,1360.4567,,2009-05-01
2009,6,0.63,Global,386.96,1786.95,321.95,1360.4609,,2009-06-01
2009,6,0.67,NH,386.96,1786.95,321.95,1360.4609,,2009-06-01
2009,6,0.61,SH,386.96,1786.95,321.95,1360.4609,,2009-06-01
2009,7,0.73,Global,385.01,1785.06,322.02,1360.4938,,2009-07-01
2009,7,0.68,NH,385.01,1785.06,322.02,1360.4938,,2009-07-01
2009,7,0.78,SH,385.01,1785.06,322.02,1360.4938,,2009-07-01
2009,8,0.68,Global,383.63,1788.92,322.15,1360.5274,,2009-08-01
2009,8,0.72,NH,383.63,1788.92,322.15,1360.5274,,2009-08-01
2009,8,0.66,SH,383.63,1788.92,322.15,1360.5274,,2009-08-01
2009,9,0.71,Global,383.93,1794.81,322.3,1360.5598,,2009-09-01
2009,9,0.85,NH,383.93,1794.81,322.3,1360.5598,,2009-09-01
2009,9,0.58,SH,383.93,1794.81,322.3,1360.5598,,2009-09-01
2009,10,0.65,Global,385.49,1798.01,322.51,1360.4801,,2009-10-01
2009,10,0.78,NH,385.49,1798.01,322.51,1360.4801,,2009-10-01
2009,10,0.52,SH,385.49,1798.01,322.51,1360.4801,,2009-10-01
2009,11,0.79,Global,386.94,1797.86,322.71,1360.6021,,2009-11-01
2009,11,0.85,NH,386.94,1797.86,322.71,1360.6021,,2009-11-01
2009,11,0.75,SH,386.94,1797.86,322.71,1360.6021,,2009-11-01
2009,12,0.67,Global,387.84,1796.73,322.84,1360.5223,,2009-12-01
2009,12,0.67,NH,387.84,1796.73,322.84,1360.5223,,2009-12-01
2009,12,0.67,SH,387.84,1796.73,322.84,1360.5223,,2009-12-01
2010,1,0.74,Global,388.62,1797.37,322.91,1360.5441,,2010-01-01
2010,1,0.8,NH,388.62,1797.37,322.91,1360.5441,,2010-01-01
2010,1,0.6900000000000001,SH,388.62,1797.37,322.91,1360.5441,,2010-01-01
2010,2,0.8300000000000001,Global,389.33,1798.96,322.93,1360.5182,,2010-02-01
2010,2,0.9500000000000001,NH,389.33,1798.96,322.93,1360.5182,,2010-02-01
2010,2,0.72,SH,389.33,1798.96,322.93,1360.5182,,2010-02-01
2010,3,0.92,Global,389.68,1799.49,322.94,1360.4458,,2010-03-01
2010,3,1.11,NH,389.68,1799.49,322.94,1360.4458,,2010-03-01
2010,3,0.73,SH,389.68,1799.49,322.94,1360.4458,,2010-03-01
2010,4,0.85,Global,389.98,1799.61,322.97,1360.6236,,2010-04-01
2010,4,1.1400000000000001,NH,389.98,1799.61,322.97,1360.6236,,2010-04-01
2010,4,0.55,SH,389.98,1799.61,322.97,1360.6236,,2010-04-01
2010,5,0.75,Global,389.95,1797.63,323.01,1360.6296,,2010-05-01
2010,5,0.9400000000000001,NH,389.95,1797.63,323.01,1360.6296,,2010-05-01
2010,5,0.5700000000000001,SH,389.95,1797.63,323.01,1360.6296,,2010-05-01
2010,6,0.67,Global,389.01,1792.4,323.0,1360.5929,,2010-06-01
2010,6,0.84,NH,389.01,1792.4,323.0,1360.5929,,2010-06-01
2010,6,0.51,SH,389.01,1792.4,323.0,1360.5929,,2010-06-01
2010,7,0.63,Global,387.35,1789.29,323.02,1360.6255,,2010-07-01
2010,7,0.89,NH,387.35,1789.29,323.02,1360.6255,,2010-07-01
2010,7,0.38,SH,387.35,1789.29,323.02,1360.6255,,2010-07-01
2010,8,0.66,Global,386.23,1794.0,323.1,1360.6639,,2010-08-01
2010,8,0.86,NH,386.23,1794.0,323.1,1360.6639,,2010-08-01
2010,8,0.47000000000000003,SH,386.23,1794.0,323.1,1360.6639,,2010-08-01
2010,9,0.62,Global,386.7,1801.93,323.26,1360.5768,,2010-09-01
2010,9,0.6900000000000001,NH,386.7,1801.93,323.26,1360.5768,,2010-09-01
2010,9,0.55,SH,386.7,1801.93,323.26,1360.5768,,2010-09-01
2010,10,0.71,Global,388.25,1806.73,323.51,1360.6461,,2010-10-01
2010,10,0.88,NH,388.25,1806.73,323.51,1360.6461,,2010-10-01
2010,10,0.53,SH,388.25,1806.73,323.51,1360.6461,,2010-10-01
2010,11,0.81,Global,389.62,1807.07,323.75,1360.7306,,2010-11-01
2010,11,1.21,NH,389.62,1807.07,323.75,1360.7306,,2010-11-01
2010,11,0.4,SH,389.62,1807.07,323.75,1360.7306,,2010-11-01
2010,12,0.45,Global,390.34,1803.28,323.92,1360.6473,,2010-12-01
2010,12,0.52,NH,390.34,1803.28,323.92,1360.6473,,2010-12-01
2010,12,0.38,SH,390.34,1803.28,323.92,1360.6473,,2010-12-01
2011,1,0.52,Global,390.85,1799.99,324.03,1360.7444,,2011-01-01
2011,1,0.62,NH,390.85,1799.99,324.03,1360.7444,,2011-01-01
2011,1,0.42,SH,390.85,1799.99,324.03,1360.7444,,2011-01-01
2011,2,0.47000000000000003,Global,391.29,1800.03,324.07,1360.6822,,2011-02-01
2011,2,0.55,NH,391.29,1800.03,324.07,1360.6822,,2011-02-01
2011,2,0.39,SH,391.29,1800.03,324.07,1360.6822,,2011-02-01
2011,3,0.65,Global,391.66,1801.03,324.07,1360.7942,,2011-03-01
2011,3,0.89,NH,391.66,1801.03,324.07,1360.7942,,2011-03-01
2011,3,0.41000000000000003,SH,391.66,1801.03,324.07,1360.7942,,2011-03-01
2011,4,0.64,Global,392.05,1802.82,324.06,1360.7905,,2011-04-01
2011,4,0.8300000000000001,NH,392.05,1802.82,324.06,1360.7905,,2011-04-01
2011,4,0.44,SH,392.05,1802.82,324.06,1360.7905,,2011-04-01
2011,5,0.53,Global,392.08,1803.13,324.05,1360.7334,,2011-05-01
2011,5,0.66,NH,392.08,1803.13,324.05,1360.7334,,2011-05-01
2011,5,0.4,SH,392.08,1803.13,324.05,1360.7334,,2011-05-01
2011,6,0.62,Global,391.14,1798.99,324.05,1360.8947,,2011-06-01
2011,6,0.76,NH,391.14,1798.99,324.05,1360.8947,,2011-06-01
2011,6,0.49,SH,391.14,1798.99,324.05,1360.8947,,2011-06-01
2011,7,0.7000000000000001,Global,389.2,1796.05,324.05,1360.8224,,2011-07-01
2011,7,0.71,NH,389.2,1796.05,324.05,1360.8224,,2011-07-01
2011,7,0.68,SH,389.2,1796.05,324.05,1360.8224,,2011-07-01
2011,8,0.74,Global,387.87,1798.99,324.1,1360.8416,,2011-08-01
2011,8,0.71,NH,387.87,1798.99,324.1,1360.8416,,2011-08-01
2011,8,0.77,SH,387.87,1798.99,324.1,1360.8416,,2011-08-01
2011,9,0.55,Global,388.27,1804.16,324.24,1360.9154,,2011-09-01
2011,9,0.73,NH,388.27,1804.16,324.24,1360.9154,,2011-09-01
2011,9,0.38,SH,388.27,1804.16,324.24,1360.9154,,2011-09-01
2011,10,0.65,Global,389.83,1809.6,324.45,1360.9863,,2011-10-01
2011,10,0.9,NH,389.83,1809.6,324.45,1360.9863,,2011-10-01
2011,10,0.4,SH,389.83,1809.6,324.45,1360.9863,,2011-10-01
2011,11,0.59,Global,391.19,1812.32,324.64,1360.9017,,2011-11-01
2011,11,0.66,NH,391.19,1812.32,324.64,1360.9017,,2011-11-01
2011,11,0.52,SH,391.19,1812.32,324.64,1360.9017,,2011-11-01
2011,12,0.6,Global,392.02,1810.04,324.77,1360.9793,,2011-12-01
2011,12,0.87,NH,392.02,1810.04,324.77,1360.9793,,2011-12-01
2011,12,0.31,SH,392.02,1810.04,324.77,1360.9793,,2011-12-01
2012,1,0.47000000000000003,Global,392.61,1807.44,324.9,1361.0214,,2012-01-01
2012,1,0.65,NH,392.61,1807.44,324.9,1361.0214,,2012-01-01
2012,1,0.28,SH,392.61,1807.44,324.9,1361.0214,,2012-01-01
2012,2,0.48,Global,393.2,1808.39,324.97,1361.0584,,2012-02-01
2012,2,0.5700000000000001,NH,393.2,1808.39,324.97,1361.0584,,2012-02-01
2012,2,0.39,SH,393.2,1808.39,324.97,1361.0584,,2012-02-01
2012,3,0.56,Global,393.72,1810.05,324.95,1361.0564,,2012-03-01
2012,3,0.6900000000000001,NH,393.72,1810.05,324.95,1361.0564,,2012-03-01
2012,3,0.43,SH,393.72,1810.05,324.95,1361.0564,,2012-03-01
2012,4,0.72,Global,393.99,1808.51,324.92,1361.0528,,2012-04-01
2012,4,1.06,NH,393.99,1808.51,324.92,1361.0528,,2012-04-01
2012,4,0.39,SH,393.99,1808.51,324.92,1361.0528,,2012-04-01
2012,5,0.78,Global,393.88,1804.84,324.9,1361.0532,,2012-05-01
2012,5,0.96,NH,393.88,1804.84,324.9,1361.0532,,2012-05-01
2012,5,0.59,SH,393.88,1804.84,324.9,1361.0532,,2012-05-01
2012,6,0.64,Global,392.84,1801.04,324.86,1361.1222,,2012-06-01
2012,6,0.9400000000000001,NH,392.84,1801.04,324.86,1361.1222,,2012-06-01
2012,6,0.35000000000000003,SH,392.84,1801.04,324.86,1361.1222,,2012-06-01
2012,7,0.58,Global,391.0,1799.36,324.87,1361.0873,,2012-07-01
2012,7,0.85,NH,391.0,1799.36,324.87,1361.0873,,2012-07-01
2012,7,0.33,SH,391.0,1799.36,324.87,1361.0873,,2012-07-01
2012,8,0.65,Global,389.89,1803.29,324.97,1361.0175,,2012-08-01
2012,8,0.76,NH,389.89,1803.29,324.97,1361.0175,,2012-08-01
2012,8,0.55,SH,389.89,1803.29,324.97,1361.0175,,2012-08-01
2012,9,0.71,Global,390.55,1810.16,325.12,1361.2077,,2012-09-01
2012,9,0.85,NH,390.55,1810.16,325.12,1361.2077,,2012-09-01
2012,9,0.58,SH,390.55,1810.16,325.12,1361.2077,,2012-09-01
2012,10,0.79,Global,392.16,1814.86,325.28,1361.2529,,2012-10-01
2012,10,0.9,NH,392.16,1814.86,325.28,1361.2529,,2012-10-01
2012,10,0.68,SH,392.16,1814.86,325.28,1361.2529,,2012-10-01
2012,11,0.78,Global,393.56,1815.95,325.43,1361.111,,2012-11-01
2012,11,0.96,NH,393.56,1815.95,325.43,1361.111,,2012-11-01
2012,11,0.6,SH,393.56,1815.95,325.43,1361.111,,2012-11-01
2012,12,0.52,Global,394.39,1814.56,325.53,1361.1995,,2012-12-01
2012,12,0.45,NH,394.39,1814.56,325.53,1361.1995,,2012-12-01
2012,12,0.6,SH,394.39,1814.56,325.53,1361.1995,,2012-12-01
2013,1,0.71,Global,395.07,1814.05,325.58,1361.3013,,2013-01-01
2013,1,0.85,NH,395.07,1814.05,325.58,1361.3013,,2013-01-01
2013,1,0.56,SH,395.07,1814.05,325.58,1361.3013,,2013-01-01
2013,2,0.61,Global,395.69,1814.15,325.62,1361.3929,,2013-02-01
2013,2,0.78,NH,395.69,1814.15,325.62,1361.3929,,2013-02-01
2013,2,0.44,SH,395.69,1814.15,325.62,1361.3929,,2013-02-01
2013,3,0.67,Global,396.28,1813.25,325.68,1361.3101,,2013-03-01
2013,3,0.8200000000000001,NH,396.28,1813.25,325.68,1361.3101,,2013-03-01
2013,3,0.52,SH,396.28,1813.25,325.68,1361.3101,,2013-03-01
2013,4,0.53,Global,396.74,1812.84,325.74,1361.291,,2013-04-01
2013,4,0.67,NH,396.74,1812.84,325.74,1361.291,,2013-04-01
2013,4,0.38,SH,396.74,1812.84,325.74,1361.291,,2013-04-01
2013,5,0.6,Global,396.75,1811.93,325.81,1361.3359,,2013-05-01
2013,5,0.77,NH,396.75,1811.93,325.81,1361.3359,,2013-05-01
2013,5,0.43,SH,396.75,1811.93,325.81,1361.3359,,2013-05-01
2013,6,0.6900000000000001,Global,395.96,1808.59,325.9,1361.4306,,2013-06-01
2013,6,0.78,NH,395.96,1808.59,325.9,1361.4306,,2013-06-01
2013,6,0.61,SH,395.96,1808.59,325.9,1361.4306,,2013-06-01
2013,7,0.6,Global,394.48,1805.98,325.96,1361.3456,,2013-07-01
2013,7,0.6900000000000001,NH,394.48,1805.98,325.96,1361.3456,,2013-07-01
2013,7,0.5,SH,394.48,1805.98,325.96,1361.3456,,2013-07-01
2013,8,0.7000000000000001,Global,393.24,1808.52,325.98,1361.3531,,2013-08-01
2013,8,0.73,NH,393.24,1808.52,325.98,1361.3531,,2013-08-01
2013,8,0.66,SH,393.24,1808.52,325.98,1361.3531,,2013-08-01
2013,9,0.76,Global,393.21,1814.24,326.05,1361.3832,,2013-09-01
2013,9,0.6900000000000001,NH,393.21,1814.24,326.05,1361.3832,,2013-09-01
2013,9,0.8200000000000001,SH,393.21,1814.24,326.05,1361.3832,,2013-09-01
2013,10,0.6900000000000001,Global,394.5,1818.51,326.2,1361.373,,2013-10-01
2013,10,0.8300000000000001,NH,394.5,1818.51,326.2,1361.373,,2013-10-01
2013,10,0.55,SH,394.5,1818.51,326.2,1361.373,,2013-10-01
2013,11,0.8300000000000001,Global,395.96,1820.34,326.38,1361.4391,,2013-11-01
2013,11,1.1300000000000001,NH,395.96,1820.34,326.38,1361.4391,,2013-11-01
2013,11,0.53,SH,395.96,1820.34,326.38,1361.4391,,2013-11-01
2013,12,0.7000000000000001,Global,396.87,1819.32,326.52,1361.5257,,2013-12-01
2013,12,0.84,NH,396.87,1819.32,326.52,1361.5257,,2013-12-01
2013,12,0.54,SH,396.87,1819.32,326.52,1361.5257,,2013-12-01
2014,1,0.76,Global,397.51,1816.76,326.61,1361.471,,2014-01-01
2014,1,0.98,NH,397.51,1816.76,326.61,1361.471,,2014-01-01
2014,1,0.53,SH,397.51,1816.76,326.61,1361.471,,2014-01-01
2014,2,0.55,Global,397.97,1816.27,326.66,1361.4516,,2014-02-01
2014,2,0.71,NH,397.97,1816.27,326.66,1361.4516,,2014-02-01
2014,2,0.38,SH,397.97,1816.27,326.66,1361.4516,,2014-02-01
2014,3,0.78,Global,398.27,1818.06,326.72,1361.4579,,2014-03-01
2014,3,1.2,NH,398.27,1818.06,326.72,1361.4579,,2014-03-01
2014,3,0.35000000000000003,SH,398.27,1818.06,326.72,1361.4579,,2014-03-01
2014,4,0.8,Global,398.63,1820.88,326.79,1361.4016,,2014-04-01
2014,4,1.1,NH,398.63,1820.88,326.79,1361.4016,,2014-04-01
2014,4,0.51,SH,398.63,1820.88,326.79,1361.4016,,2014-04-01
2014,5,0.86,Global,398.69,1821.95,326.82,1361.5301,,2014-05-01
2014,5,0.9,NH,398.69,1821.95,326.82,1361.5301,,2014-05-01
2014,5,0.8200000000000001,SH,398.69,1821.95,326.82,1361.5301,,2014-05-01
2014,6,0.67,Global,397.72,1818.46,326.89,1361.4871,,2014-06-01
2014,6,0.81,NH,397.72,1818.46,326.89,1361.4871,,2014-06-01
2014,6,0.54,SH,397.72,1818.46,326.89,1361.4871,,2014-06-01
2014,7,0.58,Global,396.13,1815.76,327.03,1361.4859,,2014-07-01
2014,7,0.77,NH,396.13,1815.76,327.03,1361.4859,,2014-07-01
2014,7,0.4,SH,396.13,1815.76,327.03,1361.4859,,2014-07-01
2014,8,0.8300000000000001,Global,395.02,1819.88,327.19,1361.6574,,2014-08-01
2014,8,0.91,NH,395.02,1819.88,327.19,1361.6574,,2014-08-01
2014,8,0.75,SH,395.02,1819.88,327.19,1361.6574,,2014-08-01
2014,9,0.87,Global,395.12,1826.87,327.34,1361.5144,,2014-09-01
2014,9,0.84,NH,395.12,1826.87,327.34,1361.5144,,2014-09-01
2014,9,0.9,SH,395.12,1826.87,327.34,1361.5144,,2014-09-01
2014,10,0.8,Global,396.38,1831.22,327.52,1361.4624,,2014-10-01
2014,10,0.93,NH,396.38,1831.22,327.52,1361.4624,,2014-10-01
2014,10,0.67,SH,396.38,1831.22,327.52,1361.4624,,2014-10-01
2014,11,0.67,Global,397.86,1833.0,327.72,1361.4781,,2014-11-01
2014,11,0.8200000000000001,NH,397.86,1833.0,327.72,1361.4781,,2014-11-01
2014,11,0.53,SH,397.86,1833.0,327.72,1361.4781,,2014-11-01
2014,12,0.78,Global,398.83,1833.46,327.87,1361.5552,,2014-12-01
2014,12,1.11,NH,398.83,1833.46,327.87,1361.5552,,2014-12-01
2014,12,0.46,SH,398.83,1833.46,327.87,1361.5552,,2014-12-01
2015,1,0.86,Global,399.56,1833.11,327.98,1361.5006,,2015-01-01
2015,1,1.19,NH,399.56,1833.11,327.98,1361.5006,,2015-01-01
2015,1,0.52,SH,399.56,1833.11,327.98,1361.5006,,2015-01-01
2015,2,0.91,Global,400.12,1832.96,328.04,1361.4191,,2015-02-01
2015,2,1.2,NH,400.12,1832.96,328.04,1361.4191,,2015-02-01
2015,2,0.61,SH,400.12,1832.96,328.04,1361.4191,,2015-02-01
2015,3,0.96,Global,400.57,1833.19,328.04,1361.5319,,2015-03-01
2015,3,1.32,NH,400.57,1833.19,328.04,1361.5319,,2015-03-01
2015,3,0.59,SH,400.57,1833.19,328.04,1361.5319,,2015-03-01
2015,4,0.75,Global,400.96,1833.15,327.98,1361.4463,,2015-04-01
2015,4,1.02,NH,400.96,1833.15,327.98,1361.4463,,2015-04-01
2015,4,0.47000000000000003,SH,400.96,1833.15,327.98,1361.4463,,2015-04-01
2015,5,0.79,Global,400.91,1831.52,327.93,1361.5662,,2015-05-01
2015,5,1.05,NH,400.91,1831.52,327.93,1361.5662,,2015-05-01
2015,5,0.55,SH,400.91,1831.52,327.93,1361.5662,,2015-05-01
2015,6,0.81,Global,400.06,1827.11,327.95,1361.5182,,2015-06-01
2015,6,1.06,NH,400.06,1827.11,327.95,1361.5182,,2015-06-01
2015,6,0.5700000000000001,SH,400.06,1827.11,327.95,1361.5182,,2015-06-01
2015,7,0.73,Global,398.38,1824.59,328.03,1361.4324,,2015-07-01
2015,7,0.92,NH,398.38,1824.59,328.03,1361.4324,,2015-07-01
2015,7,0.55,SH,398.38,1824.59,328.03,1361.4324,,2015-07-01
2015,8,0.79,Global,397.07,1828.96,328.12,1361.5085,,2015-08-01
2015,8,1.01,NH,397.07,1828.96,328.12,1361.5085,,2015-08-01
2015,8,0.59,SH,397.07,1828.96,328.12,1361.5085,,2015-08-01
2015,9,0.8300000000000001,Global,397.34,1836.21,328.24,1361.4364,,2015-09-01
2015,9,1.18,NH,397.34,1836.21,328.24,1361.4364,,2015-09-01
2015,9,0.51,SH,397.34,1836.21,328.24,1361.4364,,2015-09-01
2015,10,1.07,Global,398.8,1841.48,328.42,1361.4633,,2015-10-01
2015,10,1.29,NH,398.8,1841.48,328.42,1361.4633,,2015-10-01
2015,10,0.87,SH,398.8,1841.48,328.42,1361.4633,,2015-10-01
2015,11,1.05,Global,400.36,1844.54,328.61,1361.4315,,2015-11-01
2015,11,1.37,NH,400.36,1844.54,328.61,1361.4315,,2015-11-01
2015,11,0.76,SH,400.36,1844.54,328.61,1361.4315,,2015-11-01
2015,12,1.17,Global,401.66,1844.74,328.77,1361.3507,,2015-12-01
2015,12,1.54,NH,401.66,1844.74,328.77,1361.3507,,2015-12-01
2015,12,0.8,SH,401.66,1844.74,328.77,1361.3507,,2015-12-01
2016,1,1.17,Global,402.61,1842.53,328.87,1361.3457,,2016-01-01
2016,1,1.55,NH,402.61,1842.53,328.87,1361.3457,,2016-01-01
2016,1,0.8,SH,402.61,1842.53,328.87,1361.3457,,2016-01-01
2016,2,1.36,Global,403.24,1841.74,328.9,1361.4134,,2016-02-01
2016,2,1.93,NH,403.24,1841.74,328.9,1361.4134,,2016-02-01
2016,2,0.79,SH,403.24,1841.74,328.9,1361.4134,,2016-02-01
2016,3,1.35,Global,403.82,1843.04,328.88,1361.3283,,2016-03-01
2016,3,1.8800000000000001,NH,403.82,1843.04,328.88,1361.3283,,2016-03-01
2016,3,0.8,SH,403.82,1843.04,328.88,1361.3283,,2016-03-01
2016,4,1.08,Global,404.34,1843.74,328.88,1361.3072,,2016-04-01
2016,4,1.46,NH,404.34,1843.74,328.88,1361.3072,,2016-04-01
2016,4,0.71,SH,404.34,1843.74,328.88,1361.3072,,2016-04-01
2016,5,0.9500000000000001,Global,404.41,1842.15,328.91,1361.2613,,2016-05-01
2016,5,1.11,NH,404.41,1842.15,328.91,1361.2613,,2016-05-01
2016,5,0.79,SH,404.41,1842.15,328.91,1361.2613,,2016-05-01
2016,6,0.8,Global,403.63,1837.9,328.91,1361.3112,,2016-06-01
2016,6,1.1300000000000001,NH,403.63,1837.9,328.91,1361.3112,,2016-06-01
2016,6,0.49,SH,403.63,1837.9,328.91,1361.3112,,2016-06-01
2016,7,0.84,Global,402.11,1834.26,328.84,1361.3734,,2016-07-01
2016,7,1.05,NH,402.11,1834.26,328.84,1361.3734,,2016-07-01
2016,7,0.64,SH,402.11,1834.26,328.84,1361.3734,,2016-07-01
2016,8,1.01,Global,400.8,1836.83,328.78,1361.1966,,2016-08-01
2016,8,1.12,NH,400.8,1836.83,328.78,1361.1966,,2016-08-01
2016,8,0.9,SH,400.8,1836.83,328.78,1361.1966,,2016-08-01
2016,9,0.9,Global,400.97,1844.33,328.86,1361.2303,,2016-09-01
2016,9,1.23,NH,400.97,1844.33,328.86,1361.2303,,2016-09-01
2016,9,0.58,SH,400.97,1844.33,328.86,1361.2303,,2016-09-01
2016,10,0.86,Global,402.41,1849.96,329.05,1361.2783,,2016-10-01
2016,10,1.03,NH,402.41,1849.96,329.05,1361.2783,,2016-10-01
2016,10,0.7000000000000001,SH,402.41,1849.96,329.05,1361.2783,,2016-10-01
2016,11,0.91,Global,403.78,1851.46,329.23,1361.1818,,2016-11-01
2016,11,1.11,NH,403.78,1851.46,329.23,1361.1818,,2016-11-01
2016,11,0.72,SH,403.78,1851.46,329.23,1361.1818,,2016-11-01
2016,12,0.86,Global,404.68,1851.05,329.36,1361.1862,,2016-12-01
2016,12,1.04,NH,404.68,1851.05,329.36,1361.1862,,2016-12-01
2016,12,0.68,SH,404.68,1851.05,329.36,1361.1862,,2016-12-01
2017,1,1.02,Global,405.32,1849.74,329.47,1361.0877,,2017-01-01
2017,1,1.3800000000000001,NH,405.32,1849.74,329.47,1361.0877,,2017-01-01
2017,1,0.65,SH,405.32,1849.74,329.47,1361.0877,,2017-01-01
2017,2,1.1300000000000001,Global,405.91,1848.49,329.52,1361.1393,,2017-02-01
2017,2,1.51,NH,405.91,1848.49,329.52,1361.1393,,2017-02-01
2017,2,0.75,SH,405.91,1848.49,329.52,1361.1393,,2017-02-01
2017,3,1.16,Global,406.31,1848.24,329.54,1361.0853,,2017-03-01
2017,3,1.51,NH,406.31,1848.24,329.54,1361.0853,,2017-03-01
2017,3,0.81,SH,406.31,1848.24,329.54,1361.0853,,2017-03-01
2017,4,0.93,Global,406.6,1848.57,329.53,1361.1204,,2017-04-01
2017,4,1.19,NH,406.6,1848.57,329.53,1361.1204,,2017-04-01
2017,4,0.68,SH,406.6,1848.57,329.53,1361.1204,,2017-04-01
2017,5,0.91,Global,406.64,1847.22,329.51,1361.1069,,2017-05-01
2017,5,0.93,NH,406.64,1847.22,329.51,1361.1069,,2017-05-01
2017,5,0.89,SH,406.64,1847.22,329.51,1361.1069,,2017-05-01
2017,6,0.71,Global,405.84,1842.89,329.58,1361.1533,,2017-06-01
2017,6,0.93,NH,405.84,1842.89,329.58,1361.1533,,2017-06-01
2017,6,0.49,SH,405.84,1842.89,329.58,1361.1533,,2017-06-01
2017,7,0.8200000000000001,Global,404.1,1840.22,329.7,1361.029,,2017-07-01
2017,7,0.98,NH,404.1,1840.22,329.7,1361.029,,2017-07-01
2017,7,0.66,SH,404.1,1840.22,329.7,1361.029,,2017-07-01
2017,8,0.87,Global,402.55,1844.58,329.79,1360.9925,,2017-08-01
2017,8,1.02,NH,402.55,1844.58,329.79,1360.9925,,2017-08-01
2017,8,0.73,SH,402.55,1844.58,329.79,1360.9925,,2017-08-01
2017,9,0.74,Global,402.63,1852.76,329.87,1360.9622,,2017-09-01
2017,9,0.99,NH,402.63,1852.76,329.87,1360.9622,,2017-09-01
2017,9,0.51,SH,402.63,1852.76,329.87,1360.9622,,2017-09-01
2017,10,0.88,Global,404.15,1858.03,330.01,1360.9112,,2017-10-01
2017,10,1.03,NH,404.15,1858.03,330.01,1360.9112,,2017-10-01
2017,10,0.73,SH,404.15,1858.03,330.01,1360.9112,,2017-10-01
2017,11,0.87,Global,405.7,1858.6,330.15,1360.9223,,2017-11-01
2017,11,1.2,NH,405.7,1858.6,330.15,1360.9223,,2017-11-01
2017,11,0.53,SH,405.7,1858.6,330.15,1360.9223,,2017-11-01
2017,12,0.93,Global,406.76,1856.59,330.29,1360.8674,,2017-12-01
2017,12,1.37,NH,406.76,1856.59,330.29,1360.8674,,2017-12-01
2017,12,0.48,SH,406.76,1856.59,330.29,1360.8674,,2017-12-01
2018,1,0.8200000000000001,Global,407.53,1854.53,330.45,1360.8676,,2018-01-01
2018,1,1.1300000000000001,NH,407.53,1854.53,330.45,1360.8676,,2018-01-01
2018,1,0.51,SH,407.53,1854.53,330.45,1360.8676,,2018-01-01
2018,2,0.84,Global,408.24,1855.08,330.6,1360.9023,,2018-02-01
2018,2,1.23,NH,408.24,1855.08,330.6,1360.9023,,2018-02-01
2018,2,0.45,SH,408.24,1855.08,330.6,1360.9023,,2018-02-01
2018,3,0.88,Global,408.78,1856.97,330.69,1360.7638,,2018-03-01
2018,3,1.17,NH,408.78,1856.97,330.69,1360.7638,,2018-03-01
2018,3,0.58,SH,408.78,1856.97,330.69,1360.7638,,2018-03-01
2018,4,0.88,Global,409.08,1856.74,330.71,1360.8493,,2018-04-01
2018,4,0.97,NH,409.08,1856.74,330.71,1360.8493,,2018-04-01
2018,4,0.79,SH,409.08,1856.74,330.71,1360.8493,,2018-04-01
2018,5,0.81,Global,408.93,1854.71,330.7,1360.8367,,2018-05-01
2018,5,1.01,NH,408.93,1854.71,330.7,1360.8367,,2018-05-01
2018,5,0.61,SH,408.93,1854.71,330.7,1360.8367,,2018-05-01
2018,6,0.76,Global,408.06,1851.85,330.7,1360.7441,,2018-06-01
2018,6,0.86,NH,408.06,1851.85,330.7,1360.7441,,2018-06-01
2018,6,0.66,SH,408.06,1851.85,330.7,1360.7441,,2018-06-01
2018,7,0.8300000000000001,Global,406.49,1849.05,330.75,1360.6236,,2018-07-01
2018,7,0.93,NH,406.49,1849.05,330.75,1360.6236,,2018-07-01
2018,7,0.73,SH,406.49,1849.05,330.75,1360.6236,,2018-07-01
2018,8,0.78,Global,405.13,1851.94,330.88,1360.6796,,2018-08-01
2018,8,0.9,NH,405.13,1851.94,330.88,1360.6796,,2018-08-01
2018,8,0.65,SH,405.13,1851.94,330.88,1360.6796,,2018-08-01
2018,9,0.8,Global,405.2,1860.46,331.08,1360.7558,,2018-09-01
2018,9,0.98,NH,405.2,1860.46,331.08,1360.7558,,2018-09-01
2018,9,0.63,SH,405.2,1860.46,331.08,1360.7558,,2018-09-01
2018,10,1.01,Global,406.66,1865.75,331.29,1360.6714,,2018-10-01
2018,10,1.23,NH,406.66,1865.75,331.29,1360.6714,,2018-10-01
2018,10,0.8,SH,406.66,1865.75,331.29,1360.6714,,2018-10-01
2018,11,0.8300000000000001,Global,408.12,1866.25,331.48,1360.605,,2018-11-01
2018,11,0.97,NH,408.12,1866.25,331.48,1360.605,,2018-11-01
2018,11,0.7000000000000001,SH,408.12,1866.25,331.48,1360.605,,2018-11-01
2018,12,0.92,Global,409.19,1866.02,331.68,1360.6129,,2018-12-01
2018,12,1.09,NH,409.19,1866.02,331.68,1360.6129,,2018-12-01
2018,12,0.75,SH,409.19,1866.02,331.68,1360.6129,,2018-12-01
2019,1,0.93,Global,409.93,1865.01,331.78,1360.6642,,2019-01-01
2019,1,1.19,NH,409.93,1865.01,331.78,1360.6642,,2019-01-01
2019,1,0.67,SH,409.93,1865.01,331.78,1360.6642,,2019-01-01
2019,2,0.9500000000000001,Global,410.35,1865.03,331.75,1360.6343,,2019-02-01
2019,2,1.1300000000000001,NH,410.35,1865.03,331.75,1360.6343,,2019-02-01
2019,2,0.77,SH,410.35,1865.03,331.75,1360.6343,,2019-02-01
2019,3,1.17,Global,410.9,1866.3,331.66,1360.5808,,2019-03-01
2019,3,1.55,NH,410.9,1866.3,331.66,1360.5808,,2019-03-01
2019,3,0.78,SH,410.9,1866.3,331.66,1360.5808,,2019-03-01
2019,4,1.01,Global,411.35,1865.33,331.62,1360.561,,2019-04-01
2019,4,1.25,NH,411.35,1865.33,331.62,1360.561,,2019-04-01
2019,4,0.76,SH,411.35,1865.33,331.62,1360.561,,2019-04-01
2019,5,0.86,Global,411.36,1861.96,331.64,1360.5474,,2019-05-01
2019,5,1.02,NH,411.36,1861.96,331.64,1360.5474,,2019-05-01
2019,5,0.71,SH,411.36,1861.96,331.64,1360.5474,,2019-05-01
2019,6,0.9,Global,410.54,1858.57,331.73,1360.5095,,2019-06-01
2019,6,1.2,NH,410.54,1858.57,331.73,1360.5095,,2019-06-01
2019,6,0.61,SH,410.54,1858.57,331.73,1360.5095,,2019-06-01
2019,7,0.9400000000000001,Global,408.88,1857.99,331.84,1360.626,,2019-07-01
2019,7,1.03,NH,408.88,1857.99,331.84,1360.626,,2019-07-01
2019,7,0.84,SH,408.88,1857.99,331.84,1360.626,,2019-07-01
2019,8,0.9500000000000001,Global,407.64,1862.87,331.88,1360.5197,,2019-08-01
2019,8,1.11,NH,407.64,1862.87,331.88,1360.5197,,2019-08-01
2019,8,0.78,SH,407.64,1862.87,331.88,1360.5197,,2019-08-01
2019,9,0.93,Global,407.93,1870.79,331.93,1360.5884,,2019-09-01
2019,9,1.22,NH,407.93,1870.79,331.93,1360.5884,,2019-09-01
2019,9,0.64,SH,407.93,1870.79,331.93,1360.5884,,2019-09-01
2019,10,1.0,Global,409.44,1875.42,332.08,1360.5963,,2019-10-01
2019,10,1.29,NH,409.44,1875.42,332.08,1360.5963,,2019-10-01
2019,10,0.7000000000000001,SH,409.44,1875.42,332.08,1360.5963,,2019-10-01
2019,11,0.99,Global,410.87,1875.61,332.26,1360.564,,2019-11-01
2019,11,1.18,NH,410.87,1875.61,332.26,1360.564,,2019-11-01
2019,11,0.8,SH,410.87,1875.61,332.26,1360.564,,2019-11-01
2019,12,1.11,Global,411.76,1874.61,332.4,1360.4875,,2019-12-01
2019,12,1.4000000000000001,NH,411.76,1874.61,332.4,1360.4875,,2019-12-01
2019,12,0.8200000000000001,SH,411.76,1874.61,332.4,1360.4875,,2019-12-01
2020,1,1.18,Global,412.43,1872.91,332.5,1360.5253,,2020-01-01
2020,1,1.59,NH,412.43,1872.91,332.5,1360.5253,,2020-01-01
2020,1,0.76,SH,412.43,1872.91,332.5,1360.5253,,2020-01-01
2020,2,1.24,Global,412.95,1872.3,332.56,1360.5011,,2020-02-01
2020,2,1.69,NH,412.95,1872.3,332.56,1360.5011,,2020-02-01
2020,2,0.77,SH,412.95,1872.3,332.56,1360.5011,,2020-02-01
2020,3,1.18,Global,413.44,1874.37,332.63,1360.4554,,2020-03-01
2020,3,1.6600000000000001,NH,413.44,1874.37,332.63,1360.4554,,2020-03-01
2020,3,0.68,SH,413.44,1874.37,332.63,1360.4554,,2020-03-01
2020,4,1.12,Global,413.86,1875.78,332.71,1360.5162,,2020-04-01
2020,4,1.3900000000000001,NH,413.86,1875.78,332.71,1360.5162,,2020-04-01
2020,4,0.84,SH,413.86,1875.78,332.71,1360.5162,,2020-04-01
2020,5,0.99,Global,413.81,1874.41,332.78,1360.4416,,2020-05-01
2020,5,1.26,NH,413.81,1874.41,332.78,1360.4416,,2020-05-01
2020,5,0.72,SH,413.81,1874.41,332.78,1360.4416,,2020-05-01
2020,6,0.91,Global,412.88,1871.97,332.88,1360.5616,,2020-06-01
2020,6,1.1400000000000001,NH,412.88,1871.97,332.88,1360.5616,,2020-06-01
2020,6,0.6900000000000001,SH,412.88,1871.97,332.88,1360.5616,,2020-06-01
2020,7,0.89,Global,411.17,1871.47,333.02,1360.4819,,2020-07-01
2020,7,1.1,NH,411.17,1871.47,333.02,1360.4819,,2020-07-01
2020,7,0.68,SH,411.17,1871.47,333.02,1360.4819,,2020-07-01
2020,8,0.86,Global,409.73,1876.39,333.15,1360.5191,,2020-08-01
2020,8,1.12,NH,409.73,1876.39,333.15,1360.5191,,2020-08-01
2020,8,0.61,SH,409.73,1876.39,333.15,1360.5191,,2020-08-01
2020,9,0.96,Global,410.0,1884.56,333.26,1360.5283,,2020-09-01
2020,9,1.19,NH,410.0,1884.56,333.26,1360.5283,,2020-09-01
2020,9,0.74,SH,410.0,1884.56,333.26,1360.5283,,2020-09-01
2020,10,0.87,Global,411.66,1889.99,333.42,1360.5073,,2020-10-01
2020,10,1.2,NH,411.66,1889.99,333.42,1360.5073,,2020-10-01
2020,10,0.54,SH,411.66,1889.99,333.42,1360.5073,,2020-10-01
2020,11,1.08,Global,413.25,1891.47,333.6,1360.5568,,2020-11-01
2020,11,1.57,NH,413.25,1891.47,333.6,1360.5568,,2020-11-01
2020,11,0.59,SH,413.25,1891.47,333.6,1360.5568,,2020-11-01
2020,12,0.79,Global,414.14,1890.97,333.76,1360.5121,,2020-12-01
2020,12,1.19,NH,414.14,1890.97,333.76,1360.5121,,2020-12-01
2020,12,0.4,SH,414.14,1890.97,333.76,1360.5121,,2020-12-01
2021,1,0.81,Global,414.73,1888.62,333.88,1360.5887,,2021-01-01
2021,1,1.26,NH,414.73,1888.62,333.88,1360.5887,,2021-01-01
2021,1,0.36,SH,414.73,1888.62,333.88,1360.5887,,2021-01-01
2021,2,0.64,Global,415.2,1886.66,333.96,1360.4883,,2021-02-01
2021,2,0.9500000000000001,NH,415.2,1886.66,333.96,1360.4883,,2021-02-01
2021,2,0.32,SH,415.2,1886.66,333.96,1360.4883,,2021-02-01
2021,3,0.89,Global,415.49,1887.99,334.01,1360.5733,,2021-03-01
2021,3,1.2,NH,415.49,1887.99,334.01,1360.5733,,2021-03-01
2021,3,0.5700000000000001,SH,415.49,1887.99,334.01,1360.5733,,2021-03-01
2021,4,0.76,Global,415.81,1890.8,334.06,1360.6763,,2021-04-01
2021,4,1.12,NH,415.81,1890.8,334.06,1360.6763,,2021-04-01
2021,4,0.38,SH,415.81,1890.8,334.06,1360.6763,,2021-04-01
2021,5,0.79,Global,416.01,1891.28,334.1,1360.5427,,2021-05-01
2021,5,1.05,NH,416.01,1891.28,334.1,1360.5427,,2021-05-01
2021,5,0.53,SH,416.01,1891.28,334.1,1360.5427,,2021-05-01
2021,6,0.85,Global,415.2,1888.08,334.12,1360.5731,,2021-06-01
2021,6,1.22,NH,415.2,1888.08,334.12,1360.5731,,2021-06-01
2021,6,0.48,SH,415.2,1888.08,334.12,1360.5731,,2021-06-01
2021,7,0.92,Global,413.45,1885.99,334.15,1360.6478,,2021-07-01
2021,7,1.08,NH,413.45,1885.99,334.15,1360.6478,,2021-07-01
2021,7,0.76,SH,413.45,1885.99,334.15,1360.6478,,2021-07-01
2021,8,0.81,Global,412.15,1892.32,334.23,1360.6471,,2021-08-01
2021,8,1.03,NH,412.15,1892.32,334.23,1360.6471,,2021-08-01
2021,8,0.6,SH,412.15,1892.32,334.23,1360.6471,,2021-08-01
2021,9,0.92,Global,412.38,1902.43,334.41,1360.6725,,2021-09-01
2021,9,1.05,NH,412.38,1902.43,334.41,1360.6725,,2021-09-01
2021,9,0.8,SH,412.38,1902.43,334.41,1360.6725,,2021-09-01
2021,10,0.98,Global,413.83,1907.92,334.63,1360.697,,2021-10-01
2021,10,1.29,NH,413.83,1907.92,334.63,1360.697,,2021-10-01
2021,10,0.67,SH,413.83,1907.92,334.63,1360.697,,2021-10-01
2021,11,0.92,Global,415.58,1909.23,334.85,1360.7227,,2021-11-01
2021,11,1.3,NH,415.58,1909.23,334.85,1360.7227,,2021-11-01
2021,11,0.55,SH,415.58,1909.23,334.85,1360.7227,,2021-11-01
2021,12,0.87,Global,416.6,1907.95,335.05,1360.7655,,2021-12-01
2021,12,1.17,NH,416.6,1907.95,335.05,1360.7655,,2021-12-01
2021,12,0.5700000000000001,SH,416.6,1907.95,335.05,1360.7655,,2021-12-01
2022,1,0.91,Global,417.18,1906.33,335.22,1360.7502,,2022-01-01
2022,1,1.24,NH,417.18,1906.33,335.22,1360.7502,,2022-01-01
2022,1,0.58,SH,417.18,1906.33,335.22,1360.7502,,2022-01-01
2022,2,0.89,Global,417.64,1906.42,335.31,1360.7379,,2022-02-01
2022,2,1.16,NH,417.64,1906.42,335.31,1360.7379,,2022-02-01
2022,2,0.61,SH,417.64,1906.42,335.31,1360.7379,,2022-02-01
2022,3,1.04,Global,418.16,1907.77,335.38,1360.8045,,2022-03-01
2022,3,1.41,NH,418.16,1907.77,335.38,1360.8045,,2022-03-01
2022,3,0.67,SH,418.16,1907.77,335.38,1360.8045,,2022-03-01
2022,4,0.8300000000000001,Global,418.58,1908.84,335.43,1360.8873,,2022-04-01
2022,4,1.09,NH,418.58,1908.84,335.43,1360.8873,,2022-04-01
2022,4,0.5700000000000001,SH,418.58,1908.84,335.43,1360.8873,,2022-04-01
2022,5,0.84,Global,418.45,1907.49,335.45,1360.8075,,2022-05-01
2022,5,1.02,NH,418.45,1907.49,335.45,1360.8075,,2022-05-01
2022,5,0.65,SH,418.45,1907.49,335.45,1360.8075,,2022-05-01
2022,6,0.92,Global,417.42,1904.83,335.47,1360.7877,,2022-06-01
2022,6,1.1300000000000001,NH,417.42,1904.83,335.47,1360.7877,,2022-06-01
2022,6,0.7000000000000001,SH,417.42,1904.83,335.47,1360.7877,,2022-06-01
2022,7,0.9400000000000001,Global,415.66,1904.0,335.54,1360.9145,,2022-07-01
2022,7,1.07,NH,415.66,1904.0,335.54,1360.9145,,2022-07-01
2022,7,0.8,SH,415.66,1904.0,335.54,1360.9145,,2022-07-01
2022,8,0.9400000000000001,Global,414.39,1908.32,335.63,1360.8761,,2022-08-01
2022,8,1.17,NH,414.39,1908.32,335.63,1360.8761,,2022-08-01
2022,8,0.71,SH,414.39,1908.32,335.63,1360.8761,,2022-08-01
2022,9,0.88,Global,414.62,1915.03,335.75,1360.7967,,2022-09-01
2022,9,1.1500000000000001,NH,414.62,1915.03,335.75,1360.7967,,2022-09-01
2022,9,0.61,SH,414.62,1915.03,335.75,1360.7967,,2022-09-01
2022,10,0.97,Global,416.14,1919.46,335.92,1360.9712,,2022-10-01
2022,10,1.32,NH,416.14,1919.46,335.92,1360.9712,,2022-10-01
2022,10,0.61,SH,416.14,1919.46,335.92,1360.9712,,2022-10-01
2022,11,0.73,Global,417.84,1922.21,336.12,1360.9257,,2022-11-01
2022,11,1.09,NH,417.84,1922.21,336.12,1360.9257,,2022-11-01
2022,11,0.36,SH,417.84,1922.21,336.12,1360.9257,,2022-11-01
2022,12,0.79,Global,418.91,1922.02,336.29,1360.9717,,2022-12-01
2022,12,1.06,NH,418.91,1922.02,336.29,1360.9717,,2022-12-01
2022,12,0.52,SH,418.91,1922.02,336.29,1360.9717,,2022-12-01
2023,1,0.87,Global,419.37,1919.9,336.41,1361.0166,,2023-01-01
2023,1,1.29,NH,419.37,1919.9,336.41,1361.0166,,2023-01-01
2023,1,0.45,SH,419.37,1919.9,336.41,1361.0166,,2023-01-01
2023,2,0.96,Global,419.65,1918.93,336.49,1361.0333,,2023-02-01
2023,2,1.28,NH,419.65,1918.93,336.49,1361.0333,,2023-02-01
2023,2,0.64,SH,419.65,1918.93,336.49,1361.0333,,2023-02-01
2023,3,1.23,Global,419.98,1918.73,336.53,1361.083,,2023-03-01
2023,3,1.6400000000000001,NH,419.98,1918.73,336.53,1361.083,,2023-03-01
2023,3,0.81,SH,419.98,1918.73,336.53,1361.083,,2023-03-01
2023,4,0.99,Global,420.49,1919.7,336.54,1361.0494,,2023-04-01
2023,4,1.02,NH,420.49,1919.7,336.54,1361.0494,,2023-04-01
2023,4,0.9500000000000001,SH,420.49,1919.7,336.54,1361.0494,,2023-04-01
2023,5,0.9400000000000001,Global,420.57,1919.12,336.54,1361.1203,,2023-05-01
2023,5,1.1300000000000001,NH,420.57,1919.12,336.54,1361.1203,,2023-05-01
2023,5,0.75,SH,420.57,1919.12,336.54,1361.1203,,2023-05-01
2023,6,1.08,Global,419.58,1915.05,336.56,1361.1049,,2023-06-01
2023,6,1.2,NH,419.58,1915.05,336.56,1361.1049,,2023-06-01
2023,6,0.97,SH,419.58,1915.05,336.56,1361.1049,,2023-06-01
2023,7,1.19,Global,417.92,1912.94,336.6,1361.1778,,2023-07-01
2023,7,1.44,NH,417.92,1912.94,336.6,1361.1778,,2023-07-01
2023,7,0.9400000000000001,SH,417.92,1912.94,336.6,1361.1778,,2023-07-01
2023,8,1.19,Global,416.78,1916.7,336.65,1361.1943,,2023-08-01
2023,8,1.57,NH,416.78,1916.7,336.65,1361.1943,,2023-08-01
2023,8,0.8300000000000001,SH,416.78,1916.7,336.65,1361.1943,,2023-08-01
2023,9,1.48,Global,417.18,1924.38,336.73,1361.1391,,2023-09-01
2023,9,1.68,NH,417.18,1924.38,336.73,1361.1391,,2023-09-01
2023,9,1.28,SH,417.18,1924.38,336.73,1361.1391,,2023-09-01
2023,10,1.34,Global,418.84,1930.11,336.89,1361.262,,2023-10-01
2023,10,1.8800000000000001,NH,418.84,1930.11,336.89,1361.262,,2023-10-01
2023,10,0.8300000000000001,SH,418.84,1930.11,336.89,1361.262,,2023-10-01
2023,11,1.4000000000000001,Global,420.4,1931.55,337.09,1361.2023,,2023-11-01
2023,11,1.97,NH,420.4,1931.55,337.09,1361.2023,,2023-11-01
2023,11,0.85,SH,420.4,1931.55,337.09,1361.2023,,2023-11-01
2023,12,1.35,Global,421.5,1931.15,337.3,1361.2904,,2023-12-01
2023,12,1.85,NH,421.5,1931.15,337.3,1361.2904,,2023-12-01
2023,12,0.86,SH,421.5,1931.15,337.3,1361.2904,,2023-12-01
2024,1,1.25,Global,422.21,1928.22,337.46,1361.2887,,2024-01-01
2024,1,1.67,NH,422.21,1928.22,337.46,1361.2887,,2024-01-01
2024,1,0.8200000000000001,SH,422.21,1928.22,337.46,1361.2887,,2024-01-01
2024,2,1.43,Global,422.8,1925.73,337.54,1361.3819,,2024-02-01
2024,2,1.92,NH,422.8,1925.73,337.54,1361.3819,,2024-02-01
2024,2,0.93,SH,422.8,1925.73,337.54,1361.3819,,2024-02-01
2024,3,1.3900000000000001,Global,423.41,1927.15,337.57,1361.2979,,2024-03-01
2024,3,1.78,NH,423.41,1927.15,337.57,1361.2979,,2024-03-01
2024,3,1.0,SH,423.41,1927.15,337.57,1361.2979,,2024-03-01
2024,4,1.31,Global,423.88,1928.55,337.6,1361.31,,2024-04-01
2024,4,1.79,NH,423.88,1928.55,337.6,1361.31,,2024-04-01
2024,4,0.8300000000000001,SH,423.88,1928.55,337.6,1361.31,,2024-04-01
2024,5,1.16,Global,423.94,1925.56,337.66,1361.3441,,2024-05-01
2024,5,1.45,NH,423.94,1925.56,337.66,1361.3441,,2024-05-01
2024,5,0.88,SH,423.94,1925.56,337.66,1361.3441,,2024-05-01
2024,6,1.24,Global,423.22,1921.35,337.69,1361.3467,,2024-06-01
2024,6,1.54,NH,423.22,1921.35,337.69,1361.3467,,2024-06-01
2024,6,0.9400000000000001,SH,423.22,1921.35,337.69,1361.3467,,2024-06-01
2024,7,1.2,Global,421.6,1920.39,337.66,1361.4179,,2024-07-01
2024,7,1.42,NH,421.6,1920.39,337.66,1361.4179,,2024-07-01
2024,7,0.98,SH,421.6,1920.39,337.66,1361.4179,,2024-07-01
2024,8,1.3,Global,420.27,1924.85,337.62,1361.3122,,2024-08-01
2024,8,1.43,NH,420.27,1924.85,337.62,1361.3122,,2024-08-01
2024,8,1.17,SH,420.27,1924.85,337.62,1361.3122,,2024-08-01
2024,9,1.23,Global,420.59,1934.31,337.67,1361.3546,,2024-09-01
2024,9,1.58,NH,420.59,1934.31,337.67,1361.3546,,2024-09-01
2024,9,0.88,SH,420.59,1934.31,337.67,1361.3546,,2024-09-01
2024,10,1.34,Global,422.34,1940.75,337.85,1361.3672,,2024-10-01
2024,10,1.73,NH,422.34,1940.75,337.85,1361.3672,,2024-10-01
2024,10,0.96,SH,422.34,1940.75,337.85,1361.3672,,2024-10-01
2024,11,1.29,Global,424.06,1940.0,338.08,1361.4805,,2024-11-01
2024,11,1.8900000000000001,NH,424.06,1940.0,338.08,1361.4805,,2024-11-01
2024,11,0.7000000000000001,SH,424.06,1940.0,338.08,1361.4805,,2024-11-01
2024,12,1.26,Global,425.21,1937.41,338.29,1361.5299,,2024-12-01
2024,12,1.7,NH,425.21,1937.41,338.29,1361.5299,,2024-12-01
2024,12,0.8200000000000001,SH,425.21,1937.41,338.29,1361.5299,,2024-12-01
2025,1,1.37,Global,426.04,1935.39,338.44,1361.4496,,2025-01-01
2025,1,1.84,NH,426.04,1935.39,338.44,1361.4496,,2025-01-01
2025,1,0.9,SH,426.04,1935.39,338.44,1361.4496,,2025-01-01
2025,2,1.26,Global,426.45,1933.83,338.53,1361.4557,,2025-02-01
2025,2,1.6300000000000001,NH,426.45,1933.83,338.53,1361.4557,,2025-02-01
2025,2,0.87,SH,426.45,1933.83,338.53,1361.4557,,2025-02-01
2025,3,1.37,Global,426.58,1933.64,338.6,1361.476,,2025-03-01
2025,3,1.83,NH,426.58,1933.64,338.6,1361.476,,2025-03-01
2025,3,0.89,SH,426.58,1933.64,338.6,1361.476,,2025-03-01
2025,4,1.24,Global,426.93,1934.48,338.64,1361.5378,,2025-04-01
2025,4,1.6,NH,426.93,1934.48,338.64,1361.5378,,2025-04-01
2025,4,0.88,SH,426.93,1934.48,338.64,1361.5378,,2025-04-01
2025,5,1.08,Global,426.9,1933.03,338.64,1361.4395,,2025-05-01
2025,5,1.22,NH,426.9,1933.03,338.64,1361.4395,,2025-05-01
2025,5,0.93,SH,426.9,1933.03,338.64,1361.4395,,2025-05-01
2025,6,1.06,Global,425.86,1928.79,338.67,1361.5029,,2025-06-01
2025,6,1.19,NH,425.86,1928.79,338.67,1361.5029,,2025-06-01
2025,6,0.93,SH,425.86,1928.79,338.67,1361.5029,,2025-06-01
2025,7,1.02,Global,424.22,1926.54,338.77,1361.5437,,2025-07-01
2025,7,1.23,NH,424.22,1926.54,338.77,1361.5437,,2025-07-01
2025,7,0.81,SH,424.22,1926.54,338.77,1361.5437,,2025-07-01
2025,8,1.17,Global,423.04,1930.61,338.88,1361.5228,,2025-08-01
2025,8,1.28,NH,423.04,1930.61,338.88,1361.5228,,2025-08-01
2025,8,1.05,SH,423.04,1930.61,338.88,1361.5228,,2025-08-01
2025,9,1.25,Global,423.15,1939.45,338.99,1361.5089,,2025-09-01
2025,9,1.4000000000000001,NH,423.15,1939.45,338.99,1361.5089,,2025-09-01
2025,9,1.08,SH,423.15,1939.45,338.99,1361.5089,,2025-09-01
2025,10,1.19,Global,424.72,1946.16,339.21,1361.5501,,2025-10-01
2025,10,1.49,NH,424.72,1946.16,339.21,1361.5501,,2025-10-01
2025,10,0.89,SH,424.72,1946.16,339.21,1361.5501,,2025-10-01
2025,11,1.21,Global,426.47,1945.85,339.46,1361.3643,,2025-11-01
2025,11,1.68,NH,426.47,1945.85,339.46,1361.3643,,2025-11-01
2025,11,0.73,SH,426.47,1945.85,339.46,1361.3643,,2025-11-01
2025,12,1.07,Global,427.35,,,1361.5316,,2025-12-01
2025,12,1.45,NH,427.35,,,1361.5316,,2025-12-01
2025,12,0.6900000000000001,SH,427.35,,,1361.5316,,2025-12-01
